Country Name,Country Code,Series Name,Series Code,2005 [YR2005],2006 [YR2006],2007 [YR2007],2008 [YR2008],2009 [YR2009],2010 [YR2010],2011 [YR2011],2012 [YR2012],2013 [YR2013],2014 [YR2014],2015 [YR2015],2016 [YR2016]
Afghanistan,AFG,"Labor force participation rate, female (% of female population ages 15+) (modeled ILO estimate)",SL.TLF.CACT.FE.ZS,16.11100006,15.65499973,15.22099972,14.87699986,14.69400024,14.70899963,15.25800037,15.99199963,16.85899925,17.7859993,18.71699905,19.41900063
Albania,ALB,"Labor force participation rate, female (% of female population ages 15+) (modeled ILO estimate)",SL.TLF.CACT.FE.ZS,48.05099869,47.38899994,46.8030014,46.26900101,44.94499969,45.69300079,47.10400009,48.80599976,44.65000153,44.78900146,47.67599869,47.43899918
Algeria,DZA,"Labor force participation rate, female (% of female population ages 15+) (modeled ILO estimate)",SL.TLF.CACT.FE.ZS,12.84300041,13.13300037,13.45499992,13.81200027,14.20600033,14.37899971,15.23900032,16.15699959,16.88199997,15.34000015,15.23700047,15.125
American Samoa,ASM,"Labor force participation rate, female (% of female population ages 15+) (modeled ILO estimate)",SL.TLF.CACT.FE.ZS,..,..,..,..,..,..,..,..,..,..,..,..
Andorra,AND,"Labor force participation rate, female (% of female population ages 15+) (modeled ILO estimate)",SL.TLF.CACT.FE.ZS,..,..,..,..,..,..,..,..,..,..,..,..
Angola,AGO,"Labor force participation rate, female (% of female population ages 15+) (modeled ILO estimate)",SL.TLF.CACT.FE.ZS,74.85399628,74.98600006,75.11499786,75.20500183,75.24500275,75.28299713,75.34300232,75.39299774,75.43199921,75.43599701,75.40200043,75.33399963
Antigua and Barbuda,ATG,"Labor force participation rate, female (% of female population ages 15+) (modeled ILO estimate)",SL.TLF.CACT.FE.ZS,..,..,..,..,..,..,..,..,..,..,..,..
Arab World,ARB,"Labor force participation rate, female (% of female population ages 15+) (modeled ILO estimate)",SL.TLF.CACT.FE.ZS,19.92222958,20.11205723,20.68110761,20.78962952,20.66366745,20.7489085,20.65087294,20.84077868,21.05859721,20.81246574,20.86717122,20.83296936
Argentina,ARG,"Labor force participation rate, female (% of female population ages 15+) (modeled ILO estimate)",SL.TLF.CACT.FE.ZS,49.41999817,49.93799973,49.01800156,48.11899948,48.82300186,46.37900162,48.10200119,48.18799973,47.79000092,47.1570015,47.45299911,47.43000031
Armenia,ARM,"Labor force participation rate, female (% of female population ages 15+) (modeled ILO estimate)",SL.TLF.CACT.FE.ZS,47.51599884,47.56900024,47.70199966,47.70399857,48.33200073,49.61999893,52.11999893,51.98699951,52.64599991,51.95800018,51.17599869,51.21099854
Aruba,ABW,"Labor force participation rate, female (% of female population ages 15+) (modeled ILO estimate)",SL.TLF.CACT.FE.ZS,..,..,..,..,..,..,..,..,..,..,..,..
Australia,AUS,"Labor force participation rate, female (% of female population ages 15+) (modeled ILO estimate)",SL.TLF.CACT.FE.ZS,57.04999924,57.61199951,58.20000076,58.66500092,58.81999969,58.70700073,58.95299911,58.82400131,58.70399857,58.64500046,59.05799866,59.24000168
Austria,AUT,"Labor force participation rate, female (% of female population ages 15+) (modeled ILO estimate)",SL.TLF.CACT.FE.ZS,50.66699982,51.24200058,52.11600113,52.67599869,53.3730011,53.50699997,53.84000015,54.33599854,54.59700012,54.56100082,54.5359993,54.9469986
Azerbaijan,AZE,"Labor force participation rate, female (% of female population ages 15+) (modeled ILO estimate)",SL.TLF.CACT.FE.ZS,61.05099869,61.84000015,62.6780014,62.28699875,61.86399841,61.37599945,60.76499939,61.10400009,61.32300186,61.92300034,62.51699829,62.96300125
"Bahamas, The",BHS,"Labor force participation rate, female (% of female population ages 15+) (modeled ILO estimate)",SL.TLF.CACT.FE.ZS,69.92099762,70.00499725,70.06800079,70.00099945,69.88800049,70.09100342,69.99199677,70.08699799,70.06999969,70.00900269,69.87000275,69.79599762
Bahrain,BHR,"Labor force participation rate, female (% of female population ages 15+) (modeled ILO estimate)",SL.TLF.CACT.FE.ZS,38.94300079,39.65100098,40.50500107,41.50099945,42.60400009,43.76300049,43.00400162,43.20299911,43.40499878,43.61500168,43.80099869,43.90100098
Bangladesh,BGD,"Labor force participation rate, female (% of female population ages 15+) (modeled ILO estimate)",SL.TLF.CACT.FE.ZS,28.02700043,28.10700035,28.56800079,29.03899956,29.51600075,29.99900055,30.46699905,30.94099998,31.42200089,31.90999985,32.40299988,32.88999939
Barbados,BRB,"Labor force participation rate, female (% of female population ages 15+) (modeled ILO estimate)",SL.TLF.CACT.FE.ZS,64.19999695,64.11699677,63.98899841,63.81700134,63.60699844,63.49200058,63.2879982,62.06100082,63.23099899,61.85599899,61.86000061,62.56800079
Belarus,BLR,"Labor force participation rate, female (% of female population ages 15+) (modeled ILO estimate)",SL.TLF.CACT.FE.ZS,55.39199829,55.7879982,56.22999954,56.69200134,57.14099884,57.52799988,57.84899902,58.1230011,58.34500122,58.51399994,58.62900162,58.65299988
Belgium,BEL,"Labor force participation rate, female (% of female population ages 15+) (modeled ILO estimate)",SL.TLF.CACT.FE.ZS,45.48699951,45.62200165,46.4090004,46.73099899,46.74700165,47.49100113,46.80599976,46.88999939,47.59500122,48.00999832,48.02399826,47.76599884
Belize,BLZ,"Labor force participation rate, female (% of female population ages 15+) (modeled ILO estimate)",SL.TLF.CACT.FE.ZS,45.88199997,47.18099976,48.48899841,49.8030014,51.125,52.44400024,53.4980011,54.52700043,53.70100021,52.93000031,52.2120018,52.76800156
Benin,BEN,"Labor force participation rate, female (% of female population ages 15+) (modeled ILO estimate)",SL.TLF.CACT.FE.ZS,67.33200073,67.81700134,68.24099731,68.60900116,68.93399811,69.22399902,68.08799744,68.15399933,68.2480011,68.34400177,68.41300201,68.49700165
Bermuda,BMU,"Labor force participation rate, female (% of female population ages 15+) (modeled ILO estimate)",SL.TLF.CACT.FE.ZS,..,..,..,..,..,..,..,..,..,..,..,..
Bhutan,BTN,"Labor force participation rate, female (% of female population ages 15+) (modeled ILO estimate)",SL.TLF.CACT.FE.ZS,65.3690033,66.19400024,66.74099731,67.02300262,67.11100006,64.55699921,62.27000046,63.50299835,58.18700027,54.93099976,57.76499939,57.57099915
Bolivia,BOL,"Labor force participation rate, female (% of female population ages 15+) (modeled ILO estimate)",SL.TLF.CACT.FE.ZS,62.48099899,63.0929985,61.38899994,62.23899841,62.36500168,62.01900101,61.65200043,57.94499969,58.8219986,60.90000153,54.50999832,55.03099823
Bosnia and Herzegovina,BIH,"Labor force participation rate, female (% of female population ages 15+) (modeled ILO estimate)",SL.TLF.CACT.FE.ZS,37.8730011,37.69599915,37.56200027,37.4620018,37.29399872,37.13100052,36.89500046,36.59500122,36.29800034,35.97200012,35.67399979,35.26900101
Botswana,BWA,"Labor force participation rate, female (% of female population ages 15+) (modeled ILO estimate)",SL.TLF.CACT.FE.ZS,54.41500092,55.41999817,55.70500183,55.98500061,56.26399994,53.54600143,57.42599869,61.10699844,64.55400085,64.81400299,65.02700043,65.2460022
Brazil,BRA,"Labor force participation rate, female (% of female population ages 15+) (modeled ILO estimate)",SL.TLF.CACT.FE.ZS,55.43299866,55.9679985,55.61899948,55.82500076,56.01499939,54.58100128,53.13199997,53.07699966,52.97600174,52.85900116,53.37799835,53.3219986
British Virgin Islands,VGB,"Labor force participation rate, female (% of female population ages 15+) (modeled ILO estimate)",SL.TLF.CACT.FE.ZS,..,..,..,..,..,..,..,..,..,..,..,..
Brunei Darussalam,BRN,"Labor force participation rate, female (% of female population ages 15+) (modeled ILO estimate)",SL.TLF.CACT.FE.ZS,56.64400101,56.81800079,57.01699829,57.2840004,57.63299942,58.04299927,58.49000168,58.9090004,59.31399918,59.7179985,59.39799881,59.02999878
Bulgaria,BGR,"Labor force participation rate, female (% of female population ages 15+) (modeled ILO estimate)",SL.TLF.CACT.FE.ZS,44.74300003,46.88999939,48.10900116,48.84199905,48.0890007,47.69800186,47.2179985,47.82300186,48.52700043,48.62900162,48.63299942,47.76300049
Burkina Faso,BFA,"Labor force participation rate, female (% of female population ages 15+) (modeled ILO estimate)",SL.TLF.CACT.FE.ZS,62.43500137,61.22800064,60.84899902,60.47000122,60.0929985,59.7179985,59.3409996,58.97100067,58.60699844,58.24900055,58.30599976,58.36700058
Burundi,BDI,"Labor force participation rate, female (% of female population ages 15+) (modeled ILO estimate)",SL.TLF.CACT.FE.ZS,82.0530014,81.64600372,81.26599884,80.91699982,80.61000061,80.34999847,80.11199951,79.91699982,79.7480011,79.5739975,79.8690033,80.125
Cabo Verde,CPV,"Labor force participation rate, female (% of female population ages 15+) (modeled ILO estimate)",SL.TLF.CACT.FE.ZS,44.16600037,44.50799942,44.93999863,45.33000183,45.66799927,46.03300095,46.50699997,47.00899887,47.53300095,48.06200027,48.56499863,49.11500168
Cambodia,KHM,"Labor force participation rate, female (% of female population ages 15+) (modeled ILO estimate)",SL.TLF.CACT.FE.ZS,76.91300201,78.06500244,79.15699768,80.1969986,81.01999664,81.84400177,81.60800171,81.37400055,81.15200043,80.97200012,80.82299805,80.69999695
Cameroon,CMR,"Labor force participation rate, female (% of female population ages 15+) (modeled ILO estimate)",SL.TLF.CACT.FE.ZS,70.35600281,70.3789978,70.41200256,70.45500183,70.50800323,70.58100128,70.68199921,70.79000092,70.90299988,71.00700378,71.09400177,71.16100311
Canada,CAN,"Labor force participation rate, female (% of female population ages 15+) (modeled ILO estimate)",SL.TLF.CACT.FE.ZS,60.93099976,61.19800186,61.88999939,61.98600006,61.875,61.85800171,61.60100174,61.61399841,61.68399811,61.0870018,60.77199936,60.80699921
Cayman Islands,CYM,"Labor force participation rate, female (% of female population ages 15+) (modeled ILO estimate)",SL.TLF.CACT.FE.ZS,..,..,..,..,..,..,..,..,..,..,..,..
Central African Republic,CAF,"Labor force participation rate, female (% of female population ages 15+) (modeled ILO estimate)",SL.TLF.CACT.FE.ZS,64.08200073,64.11399841,64.14299774,64.14700317,64.13899994,64.13300323,64.13899994,64.10900116,63.65000153,63.52000046,63.39300156,63.38100052
Chad,TCD,"Labor force participation rate, female (% of female population ages 15+) (modeled ILO estimate)",SL.TLF.CACT.FE.ZS,64.86799622,64.82800293,64.81199646,64.79499817,64.78700256,64.84799957,64.80699921,64.83399963,64.83799744,64.85199738,64.82800293,64.73699951
Channel Islands,CHI,"Labor force participation rate, female (% of female population ages 15+) (modeled ILO estimate)",SL.TLF.CACT.FE.ZS,50,50.23300171,50.20899963,50.00699997,49.96300125,50.16500092,49.02399826,49.09000015,49.11999893,49.43000031,49.63800049,49.73199844
Chile,CHL,"Labor force participation rate, female (% of female population ages 15+) (modeled ILO estimate)",SL.TLF.CACT.FE.ZS,38.34199905,39.26800156,41.44400024,43.10499954,43.37900162,47.05899811,48.94499969,49.15499878,49.56700134,50.13000107,50.10800171,50.35100174
China,CHN,"Labor force participation rate, female (% of female population ages 15+) (modeled ILO estimate)",SL.TLF.CACT.FE.ZS,66.76599884,66.06500244,65.46399689,64.9240036,64.37599945,63.77700043,63.53300095,63.29600143,63.05899811,62.77500153,62.43600082,62.0340004
Colombia,COL,"Labor force participation rate, female (% of female population ages 15+) (modeled ILO estimate)",SL.TLF.CACT.FE.ZS,49.34000015,50.82699966,52.28699875,53.72000122,55.12599945,56.1969986,57.27999878,58.45700073,58.63100052,58.35800171,58.9679985,58.6230011
Comoros,COM,"Labor force participation rate, female (% of female population ages 15+) (modeled ILO estimate)",SL.TLF.CACT.FE.ZS,33.31800079,33.52000046,33.71900177,33.92699814,34.1590004,34.40100098,34.61299896,34.8429985,35.08599854,35.3219986,35.55500031,35.76200104
"Congo, Dem. Rep.",COD,"Labor force participation rate, female (% of female population ages 15+) (modeled ILO estimate)",SL.TLF.CACT.FE.ZS,71.19100189,71.20600128,71.22000122,71.23100281,71.22699738,71.24900055,71.28399658,71.31900024,71.35500336,71.38500214,71.38999939,71.37000275
"Congo, Rep.",COG,"Labor force participation rate, female (% of female population ages 15+) (modeled ILO estimate)",SL.TLF.CACT.FE.ZS,66.71399689,66.87599945,66.9980011,67.17199707,67.35600281,67.53700256,67.59899902,67.62400055,67.61399841,67.59899902,67.53900146,67.4509964
Costa Rica,CRI,"Labor force participation rate, female (% of female population ages 15+) (modeled ILO estimate)",SL.TLF.CACT.FE.ZS,44.69499969,44.5890007,45.70999908,46.04800034,46.3429985,44.14500046,46.18799973,45.92699814,46.46699905,49.33599854,48.80400085,45.02299881
Cote d'Ivoire,CIV,"Labor force participation rate, female (% of female population ages 15+) (modeled ILO estimate)",SL.TLF.CACT.FE.ZS,48.31499863,48.29100037,48.26499939,48.23600006,48.20299911,48.16600037,48.12400055,48.08599854,48.05500031,48.0379982,48.04100037,48.0530014
Croatia,HRV,"Labor force participation rate, female (% of female population ages 15+) (modeled ILO estimate)",SL.TLF.CACT.FE.ZS,46.20399857,46.15000153,45.36100006,45.90399933,46.83599854,46.19300079,44.62799835,44.55699921,44.61299896,46.50600052,46.99000168,45.55599976
Cuba,CUB,"Labor force participation rate, female (% of female population ages 15+) (modeled ILO estimate)",SL.TLF.CACT.FE.ZS,38.27799988,39.7859993,41.08599854,41.60900116,42.64300156,42.28699875,42.30099869,42.29499817,42.23300171,42.02000046,41.92599869,41.56999969
Curacao,CUW,"Labor force participation rate, female (% of female population ages 15+) (modeled ILO estimate)",SL.TLF.CACT.FE.ZS,..,..,..,..,..,..,..,..,..,..,..,..
Cyprus,CYP,"Labor force participation rate, female (% of female population ages 15+) (modeled ILO estimate)",SL.TLF.CACT.FE.ZS,53.20100021,54.10400009,55.18700027,55.56499863,56.50299835,57.61000061,56.81700134,56.18099976,56.26100159,57.81200027,57.88800049,58.06900024
Czech Republic,CZE,"Labor force participation rate, female (% of female population ages 15+) (modeled ILO estimate)",SL.TLF.CACT.FE.ZS,50.77299881,50.6230011,49.88800049,49.34899902,49.50899887,49.23199844,49.43199921,50.06600189,50.98799896,50.9679985,51.42200089,52.06600189
Denmark,DNK,"Labor force participation rate, female (% of female population ages 15+) (modeled ILO estimate)",SL.TLF.CACT.FE.ZS,60.49900055,61.1570015,60.8390007,61.05500031,60.61000061,59.79899979,59.63100052,59.10800171,58.58599854,58.01100159,57.70999908,59.31200027
Djibouti,DJI,"Labor force participation rate, female (% of female population ages 15+) (modeled ILO estimate)",SL.TLF.CACT.FE.ZS,46.71500015,46.83800125,46.97600174,47.13999939,47.33300018,47.5530014,47.83599854,48.15800095,48.49700165,48.83399963,49.14799881,49.37900162
Dominica,DMA,"Labor force participation rate, female (% of female population ages 15+) (modeled ILO estimate)",SL.TLF.CACT.FE.ZS,..,..,..,..,..,..,..,..,..,..,..,..
Dominican Republic,DOM,"Labor force participation rate, female (% of female population ages 15+) (modeled ILO estimate)",SL.TLF.CACT.FE.ZS,48.81100082,49.56499863,50.20800018,48.5890007,46.98699951,49.30400085,51.33499908,52.06499863,52.42399979,53.20500183,53.94800186,54.3390007
East Asia & Pacific,EAS,"Labor force participation rate, female (% of female population ages 15+) (modeled ILO estimate)",SL.TLF.CACT.FE.ZS,62.30287837,61.89874412,61.59282788,61.26357474,60.9234856,60.6146023,60.49743679,60.29284943,60.11706574,60.00550985,59.58663436,59.55818971
East Asia & Pacific (excluding high income),EAP,"Labor force participation rate, female (% of female population ages 15+) (modeled ILO estimate)",SL.TLF.CACT.FE.ZS,64.03815561,63.53571551,63.14533818,62.75524305,62.36855713,62.01177534,61.88548684,61.62995529,61.35560272,61.15355956,60.62180703,60.52061959
Ecuador,ECU,"Labor force participation rate, female (% of female population ages 15+) (modeled ILO estimate)",SL.TLF.CACT.FE.ZS,55.29000092,56.12400055,55.0379982,53.9280014,52.79499817,49.88399887,49.05599976,50.29700089,49.45299911,48.51699829,52.20299911,55.80799866
"Egypt, Arab Rep.",EGY,"Labor force participation rate, female (% of female population ages 15+) (modeled ILO estimate)",SL.TLF.CACT.FE.ZS,20.2329998,20.78700066,22.74500084,22.79899979,22.86400032,22.78000069,21.92399979,22.11400032,22.8390007,22.52899933,22.21999931,22.04299927
El Salvador,SLV,"Labor force participation rate, female (% of female population ages 15+) (modeled ILO estimate)",SL.TLF.CACT.FE.ZS,45.50600052,46.2140007,46.51300049,46.58100128,46.61000061,46.39799881,46.72700119,47.06600189,48.20500183,47.66400146,47.14599991,46.66899872
Equatorial Guinea,GNQ,"Labor force participation rate, female (% of female population ages 15+) (modeled ILO estimate)",SL.TLF.CACT.FE.ZS,53.80199814,53.98500061,54.31600189,54.7519989,55.12200165,55.42300034,55.45199966,55.5719986,55.68000031,55.90000153,56.11000061,55.75600052
Eritrea,ERI,"Labor force participation rate, female (% of female population ages 15+) (modeled ILO estimate)",SL.TLF.CACT.FE.ZS,73.84400177,73.98699951,74.17700195,74.32499695,74.53700256,74.71900177,74.92199707,75.09700012,75.22100067,75.31999969,75.37999725,75.41400146
Estonia,EST,"Labor force participation rate, female (% of female population ages 15+) (modeled ILO estimate)",SL.TLF.CACT.FE.ZS,53.4980011,54.72800064,54.15000153,54.88800049,54.73899841,55.02500153,55.56000137,55.36100006,55.33800125,54.5909996,55.99000168,56.47299957
Eswatini,SWZ,"Labor force participation rate, female (% of female population ages 15+) (modeled ILO estimate)",SL.TLF.CACT.FE.ZS,38.82400131,39.0870018,39.36600113,39.66999817,39.97600174,40.28699875,40.63499832,41.01499939,41.4109993,41.77799988,42.11399841,42.39899826
Ethiopia,ETH,"Labor force participation rate, female (% of female population ages 15+) (modeled ILO estimate)",SL.TLF.CACT.FE.ZS,78.40499878,78.27100372,78.12599945,77.96700287,77.79799652,77.62599945,77.47100067,77.31800079,77.17099762,77.10900116,77.04299927,76.99700165
Euro area,EMU,"Labor force participation rate, female (% of female population ages 15+) (modeled ILO estimate)",SL.TLF.CACT.FE.ZS,47.78362969,48.28486272,48.70583894,49.14581597,49.41644888,49.52617008,49.72162148,50.13118496,50.26192499,50.27808534,50.27291073,50.50091746
Europe & Central Asia,ECS,"Labor force participation rate, female (% of female population ages 15+) (modeled ILO estimate)",SL.TLF.CACT.FE.ZS,48.96698872,49.21295325,49.44167255,49.67335933,49.90829772,50.00578004,50.24117666,50.44411895,50.61759513,50.62904781,50.74177325,50.92036186
Europe & Central Asia (excluding high income),ECA,"Labor force participation rate, female (% of female population ages 15+) (modeled ILO estimate)",SL.TLF.CACT.FE.ZS,48.59911035,48.74438492,48.96088946,48.9766785,49.16964459,49.26050633,49.58023749,49.55384478,49.72797686,49.58372787,49.77647574,49.88877649
European Union,EUU,"Labor force participation rate, female (% of female population ages 15+) (modeled ILO estimate)",SL.TLF.CACT.FE.ZS,48.78136301,49.16109658,49.38253865,49.72633907,49.96653443,50.11359233,50.25449504,50.63994227,50.80217159,50.93094027,50.93460935,51.11622776
Faroe Islands,FRO,"Labor force participation rate, female (% of female population ages 15+) (modeled ILO estimate)",SL.TLF.CACT.FE.ZS,..,..,..,..,..,..,..,..,..,..,..,..
Fiji,FJI,"Labor force participation rate, female (% of female population ages 15+) (modeled ILO estimate)",SL.TLF.CACT.FE.ZS,38.07799911,37.85100174,37.60300064,38.05500031,38.51900101,39.01200104,39.52399826,40.04700089,40.56800079,41.06999969,40.92100143,40.81900024
Finland,FIN,"Labor force participation rate, female (% of female population ages 15+) (modeled ILO estimate)",SL.TLF.CACT.FE.ZS,56.62200165,57.08499908,57.47100067,57.43899918,57.02099991,56.02500153,55.81100082,55.94400024,55.5,55.50600052,55.52099991,54.95399857
France,FRA,"Labor force participation rate, female (% of female population ages 15+) (modeled ILO estimate)",SL.TLF.CACT.FE.ZS,50.11700058,50.1570015,50.50500107,50.68500137,50.97000122,50.92300034,50.77500153,50.93099976,51.08100128,50.88700104,50.72900009,50.67499924
French Polynesia,PYF,"Labor force participation rate, female (% of female population ages 15+) (modeled ILO estimate)",SL.TLF.CACT.FE.ZS,47.18899918,47.27500153,47.3769989,47.75099945,48.01900101,48.20000076,48.50799942,48.78900146,48.64400101,48.44599915,48.21099854,47.9640007
Gabon,GAB,"Labor force participation rate, female (% of female population ages 15+) (modeled ILO estimate)",SL.TLF.CACT.FE.ZS,37.84700012,38.17200089,38.60200119,38.97100067,39.39199829,39.88899994,40.3390007,40.80699921,41.30500031,41.81399918,42.3409996,42.52399826
"Gambia, The",GMB,"Labor force participation rate, female (% of female population ages 15+) (modeled ILO estimate)",SL.TLF.CACT.FE.ZS,48.5320015,48.89699936,49.25500107,49.60200119,49.93700027,50.25899887,50.57099915,50.86500168,50.92300034,50.95399857,51.04000092,51.08100128
Georgia,GEO,"Labor force participation rate, female (% of female population ages 15+) (modeled ILO estimate)",SL.TLF.CACT.FE.ZS,55.16699982,54.84799957,54.58599854,54.3730011,54.19900131,56.02399826,56.42599869,57.46900177,56.95500183,57.41600037,58.875,57.73699951
Germany,DEU,"Labor force participation rate, female (% of female population ages 15+) (modeled ILO estimate)",SL.TLF.CACT.FE.ZS,50.70000076,51.48899841,52.01399994,52.13199997,52.53099823,52.7879982,53.6570015,53.70399857,54.31000137,54.51499939,54.60800171,54.95999908
Ghana,GHA,"Labor force participation rate, female (% of female population ages 15+) (modeled ILO estimate)",SL.TLF.CACT.FE.ZS,73.11699677,73.23100281,73.36100006,73.5019989,73.64700317,73.79399872,73.97599792,74.14399719,74.3030014,74.39900208,74.49900055,74.59700012
Gibraltar,GIB,"Labor force participation rate, female (% of female population ages 15+) (modeled ILO estimate)",SL.TLF.CACT.FE.ZS,..,..,..,..,..,..,..,..,..,..,..,..
Greece,GRC,"Labor force participation rate, female (% of female population ages 15+) (modeled ILO estimate)",SL.TLF.CACT.FE.ZS,42.7120018,43.11399841,43.09700012,43.13800049,44.17599869,44.75,44.56800079,44.875,44.72200012,44.85100174,45.47399902,45.70199966
Greenland,GRL,"Labor force participation rate, female (% of female population ages 15+) (modeled ILO estimate)",SL.TLF.CACT.FE.ZS,..,..,..,..,..,..,..,..,..,..,..,..
Grenada,GRD,"Labor force participation rate, female (% of female population ages 15+) (modeled ILO estimate)",SL.TLF.CACT.FE.ZS,..,..,..,..,..,..,..,..,..,..,..,..
Guam,GUM,"Labor force participation rate, female (% of female population ages 15+) (modeled ILO estimate)",SL.TLF.CACT.FE.ZS,56.11899948,55.81900024,55.50400162,55.2480011,55.07600021,54.81999969,54.54100037,54.27600098,54.02799988,53.76599884,53.49300003,53.26100159
Guatemala,GTM,"Labor force participation rate, female (% of female population ages 15+) (modeled ILO estimate)",SL.TLF.CACT.FE.ZS,44.44100189,46.83399963,45.56700134,44.27999878,42.98600006,41.71099854,40.45600128,46.29600143,40.68500137,40.90000153,39.11500168,40.62900162
Guinea,GIN,"Labor force participation rate, female (% of female population ages 15+) (modeled ILO estimate)",SL.TLF.CACT.FE.ZS,62.79499817,62.78900146,62.78699875,62.81700134,62.81700134,62.84199905,62.86800003,62.90499878,62.93600082,62.95299911,62.96500015,62.9980011
Guinea-Bissau,GNB,"Labor force participation rate, female (% of female population ages 15+) (modeled ILO estimate)",SL.TLF.CACT.FE.ZS,64.40599823,64.43399811,64.48200226,64.54499817,64.6269989,64.73600006,64.88500214,64.96900177,65.07900238,65.19999695,65.32800293,65.44000244
Guyana,GUY,"Labor force participation rate, female (% of female population ages 15+) (modeled ILO estimate)",SL.TLF.CACT.FE.ZS,34.08599854,34.76699829,35.61199951,36.10900116,36.60100174,37.04100037,37.82099915,38.51599884,39.20299911,39.76200104,40.2179985,40.55799866
Haiti,HTI,"Labor force participation rate, female (% of female population ages 15+) (modeled ILO estimate)",SL.TLF.CACT.FE.ZS,59.18799973,59.56999969,60.02399826,60.30599976,60.77399826,60.64899826,61.29000092,61.77899933,62.36800003,62.84199905,63.17699814,63.50899887
Heavily indebted poor countries (HIPC),HPC,"Labor force participation rate, female (% of female population ages 15+) (modeled ILO estimate)",SL.TLF.CACT.FE.ZS,63.66184174,63.74286745,63.78948641,63.8861509,63.9692874,64.07085559,64.10685073,64.01302917,64.06940204,64.14035527,64.10432397,64.1761817
High income,HIC,"Labor force participation rate, female (% of female population ages 15+) (modeled ILO estimate)",SL.TLF.CACT.FE.ZS,51.32041023,51.57335825,51.71568746,51.94335377,51.98701291,51.85219362,51.83628848,51.98919259,52.05485202,52.15059681,52.19629111,52.43330136
Honduras,HND,"Labor force participation rate, female (% of female population ages 15+) (modeled ILO estimate)",SL.TLF.CACT.FE.ZS,36.53099823,40.46699905,41.26100159,42.06999969,42.89899826,44.49399948,42.49000168,40.49300003,43.67599869,46.87400055,50.29299927,50.84000015
"Hong Kong SAR, China",HKG,"Labor force participation rate, female (% of female population ages 15+) (modeled ILO estimate)",SL.TLF.CACT.FE.ZS,51.73899841,52.02899933,52.5,52.48799896,52.63700104,51.39300156,52.38299942,53.21300125,54.05099869,54.21099854,54.4679985,54.21300125
Hungary,HUN,"Labor force participation rate, female (% of female population ages 15+) (modeled ILO estimate)",SL.TLF.CACT.FE.ZS,42.91799927,43.19800186,42.88100052,42.68299866,42.79100037,43.77700043,43.90200043,44.80099869,44.90800095,46.28099823,47.25299835,47.9620018
Iceland,ISL,"Labor force participation rate, female (% of female population ages 15+) (modeled ILO estimate)",SL.TLF.CACT.FE.ZS,70.87599945,71.5059967,71.54000092,70.91200256,70.26399994,70.63400269,70.21499634,70.83899689,71.48100281,72.14700317,73.09799957,73.17199707
India,IND,"Labor force participation rate, female (% of female population ages 15+) (modeled ILO estimate)",SL.TLF.CACT.FE.ZS,36.7840004,35.0320015,33.33399963,31.69000053,30.09700012,28.55500031,27.67000008,26.80900002,26.96100044,27.11700058,27.2670002,27.44799995
Indonesia,IDN,"Labor force participation rate, female (% of female population ages 15+) (modeled ILO estimate)",SL.TLF.CACT.FE.ZS,49.93899918,50.2879982,50.65999985,51.04800034,51.09700012,51.85800171,51.43600082,51.00899887,50.5719986,50.45399857,48.88100052,50.76200104
"Iran, Islamic Rep.",IRN,"Labor force participation rate, female (% of female population ages 15+) (modeled ILO estimate)",SL.TLF.CACT.FE.ZS,19.40999985,18.49200058,17.66900063,15.48600006,16.36400032,15.9460001,15.32600021,14.74400043,14.19699955,13.68000031,15.15299988,17.07900047
Iraq,IRQ,"Labor force participation rate, female (% of female population ages 15+) (modeled ILO estimate)",SL.TLF.CACT.FE.ZS,14.50399971,15.59300041,16.76099968,18.01600075,18.02499962,18.04999924,18.12100029,18.22900009,18.31299973,18.36000061,18.41799927,18.4829998
Ireland,IRL,"Labor force participation rate, female (% of female population ages 15+) (modeled ILO estimate)",SL.TLF.CACT.FE.ZS,52.38299942,53.21699905,54.42399979,54.39099884,53.78900146,53.29600143,52.99200058,52.74200058,53.12799835,52.71500015,52.6269989,53.24100113
Isle of Man,IMN,"Labor force participation rate, female (% of female population ages 15+) (modeled ILO estimate)",SL.TLF.CACT.FE.ZS,..,..,..,..,..,..,..,..,..,..,..,..
Israel,ISR,"Labor force participation rate, female (% of female population ages 15+) (modeled ILO estimate)",SL.TLF.CACT.FE.ZS,55.04600143,55.43099976,55.89899826,55.95199966,56.83200073,57.02899933,56.79499817,57.96699905,58.13199997,59.02799988,58.98600006,59.37200165
Italy,ITA,"Labor force participation rate, female (% of female population ages 15+) (modeled ILO estimate)",SL.TLF.CACT.FE.ZS,37.86199951,37.97399902,37.7480011,38.39099884,37.89400101,37.78499985,37.93500137,39.1629982,39.0320015,39.40000153,39.00299835,39.63499832
Jamaica,JAM,"Labor force participation rate, female (% of female population ages 15+) (modeled ILO estimate)",SL.TLF.CACT.FE.ZS,55.64300156,55.90599823,56.0719986,56.11899948,56.0019989,56.05899811,56.23600006,56.31499863,56.45999908,56.60200119,56.73300171,57.02000046
Japan,JPN,"Labor force participation rate, female (% of female population ages 15+) (modeled ILO estimate)",SL.TLF.CACT.FE.ZS,48.3730011,48.42599869,48.56800079,48.58800125,48.81600189,48.72499847,48.29299927,48.2859993,49.0320015,49.47499847,49.85300064,50.59999847
Jordan,JOR,"Labor force participation rate, female (% of female population ages 15+) (modeled ILO estimate)",SL.TLF.CACT.FE.ZS,12.20100021,12.54300022,15.15699959,14.75300026,15.50399971,15.28899956,15.22599983,14.83300018,13.86400032,13.86900043,13.89400005,13.89599991
Kazakhstan,KAZ,"Labor force participation rate, female (% of female population ages 15+) (modeled ILO estimate)",SL.TLF.CACT.FE.ZS,64.35700226,64.72699738,65.15499878,65.63500214,65.12400055,65.35900116,65.35600281,65.41200256,65.48799896,65.56700134,65.41000366,65.41300201
Kenya,KEN,"Labor force participation rate, female (% of female population ages 15+) (modeled ILO estimate)",SL.TLF.CACT.FE.ZS,60.12900162,60.40000153,60.7179985,61.00999832,61.2840004,61.52999878,61.75799942,61.93399811,62.08499908,62.22499847,62.36899948,62.51399994
Kiribati,KIR,"Labor force participation rate, female (% of female population ages 15+) (modeled ILO estimate)",SL.TLF.CACT.FE.ZS,..,..,..,..,..,..,..,..,..,..,..,..
"Korea, Dem. People’s Rep.",PRK,"Labor force participation rate, female (% of female population ages 15+) (modeled ILO estimate)",SL.TLF.CACT.FE.ZS,75.46099854,75.33300018,75.20800018,75.09100342,74.98799896,74.89499664,74.79100037,74.69599915,74.61100006,74.54000092,74.48200226,74.43900299
"Korea, Rep.",KOR,"Labor force participation rate, female (% of female population ages 15+) (modeled ILO estimate)",SL.TLF.CACT.FE.ZS,50.39500046,50.59799957,50.51900101,50.18600082,49.23500061,49.4980011,49.70299911,50.02399826,50.29499817,51.43600082,51.91400146,52.23400116
Kosovo,XKX,"Labor force participation rate, female (% of female population ages 15+) (modeled ILO estimate)",SL.TLF.CACT.FE.ZS,..,..,..,..,..,..,..,..,..,..,..,..
Kuwait,KWT,"Labor force participation rate, female (% of female population ages 15+) (modeled ILO estimate)",SL.TLF.CACT.FE.ZS,46.27899933,46.76699829,47.26900101,47.7120018,47.88600159,48.22800064,48.73699951,49.07899857,49.12599945,49.02600098,48.85400009,47.97800064
Kyrgyz Republic,KGZ,"Labor force participation rate, female (% of female population ages 15+) (modeled ILO estimate)",SL.TLF.CACT.FE.ZS,54.05799866,54.41500092,53.80199814,53.19100189,52.57799911,52.1570015,52.6230011,51.55799866,49.18700027,50.32099915,49.83399963,48.35599899
Lao PDR,LAO,"Labor force participation rate, female (% of female population ages 15+) (modeled ILO estimate)",SL.TLF.CACT.FE.ZS,77.86100006,77.64399719,77.4240036,77.20800018,77.00900269,76.83699799,76.81500244,76.81500244,76.80500031,76.81199646,76.80000305,76.76899719
Latin America & Caribbean,LCN,"Labor force participation rate, female (% of female population ages 15+) (modeled ILO estimate)",SL.TLF.CACT.FE.ZS,50.32518265,51.23475412,51.35544039,51.50523611,51.85968677,51.30843434,51.11040189,51.52251411,51.4155843,51.15606967,51.3909797,51.46154484
Latin America & Caribbean (excluding high income),LAC,"Labor force participation rate, female (% of female population ages 15+) (modeled ILO estimate)",SL.TLF.CACT.FE.ZS,50.91247694,51.86904709,52.00265732,52.17880459,52.50780185,51.94788817,51.52522394,51.97037479,51.85491759,51.58172925,51.82341178,51.88568444
Latvia,LVA,"Labor force participation rate, female (% of female population ages 15+) (modeled ILO estimate)",SL.TLF.CACT.FE.ZS,50.43500137,52.01499939,52.91500092,54.83000183,54.36500168,53.84999847,53.01699829,54.22200012,53.92399979,53.44800186,54.25999832,55.27999878
Least developed countries: UN classification,LDC,"Labor force participation rate, female (% of female population ages 15+) (modeled ILO estimate)",SL.TLF.CACT.FE.ZS,55.99393755,55.96747798,56.07482237,56.19584964,56.34330282,56.510714,56.6516174,56.75725201,56.85663063,56.96022283,57.11667321,57.29461997
Lebanon,LBN,"Labor force participation rate, female (% of female population ages 15+) (modeled ILO estimate)",SL.TLF.CACT.FE.ZS,20.36499977,20.78499985,21.25099945,21.63299942,22.01399994,22.30500031,22.51099968,22.63699913,22.69499969,22.75099945,22.85499954,23.0340004
Lesotho,LSO,"Labor force participation rate, female (% of female population ages 15+) (modeled ILO estimate)",SL.TLF.CACT.FE.ZS,64.08899689,63.36000061,62.65800095,61.97999954,61.31800079,60.6590004,60.02000046,59.38800049,58.77399826,58.92699814,59.09400177,59.2820015
Liberia,LBR,"Labor force participation rate, female (% of female population ages 15+) (modeled ILO estimate)",SL.TLF.CACT.FE.ZS,52.97000122,53.08800125,53.22900009,53.34899902,53.45000076,53.56200027,53.66799927,53.77000046,53.87799835,53.91899872,53.95399857,53.96099854
Libya,LBY,"Labor force participation rate, female (% of female population ages 15+) (modeled ILO estimate)",SL.TLF.CACT.FE.ZS,27.44400024,27.97900009,28.4810009,28.79100037,28.92399979,29.32699966,26.24699974,28.2689991,26.99500084,25.87199974,25.76499939,25.80900002
Liechtenstein,LIE,"Labor force participation rate, female (% of female population ages 15+) (modeled ILO estimate)",SL.TLF.CACT.FE.ZS,..,..,..,..,..,..,..,..,..,..,..,..
Lithuania,LTU,"Labor force participation rate, female (% of female population ages 15+) (modeled ILO estimate)",SL.TLF.CACT.FE.ZS,50.60200119,50.13399887,50.17599869,50.53900146,52.06299973,52.54600143,53.10699844,53.6269989,53.25600052,54.07699966,54.54600143,55.85900116
Low & middle income,LMY,"Labor force participation rate, female (% of female population ages 15+) (modeled ILO estimate)",SL.TLF.CACT.FE.ZS,51.05021053,50.618057,50.17190487,49.69827528,49.28904812,48.72967874,48.47542094,48.23298016,48.18308018,48.07060168,47.99286248,48.05128558
Low income,LIC,"Labor force participation rate, female (% of female population ages 15+) (modeled ILO estimate)",SL.TLF.CACT.FE.ZS,64.75947748,64.59286138,64.49789951,64.46639675,64.40702422,64.44640801,64.52968658,64.57549127,64.61643179,64.64916052,64.73179537,64.82104925
Lower middle income,LMC,"Labor force participation rate, female (% of female population ages 15+) (modeled ILO estimate)",SL.TLF.CACT.FE.ZS,40.85862398,40.21105065,39.55310379,38.87182506,38.2727874,37.61246349,37.22903805,36.79491178,36.97087478,37.0900142,37.06469999,37.38420093
Luxembourg,LUX,"Labor force participation rate, female (% of female population ages 15+) (modeled ILO estimate)",SL.TLF.CACT.FE.ZS,45.36800003,46.7159996,46.81900024,46.95399857,48.76699829,48.82799911,49.40800095,50.97000122,51.10900116,51.99200058,53.55899811,52.24000168
"Macao SAR, China",MAC,"Labor force participation rate, female (% of female population ages 15+) (modeled ILO estimate)",SL.TLF.CACT.FE.ZS,57.27799988,59.08300018,62.62200165,63.91999817,65.2440033,65.30599976,66.18299866,65.51000214,66.20999908,66.58999634,66.59700012,66.12200165
"Macedonia, FYR",MKD,"Labor force participation rate, female (% of female population ages 15+) (modeled ILO estimate)",SL.TLF.CACT.FE.ZS,42.03900146,41.85400009,42.86999893,42.5929985,42.45899963,42.78900146,43.43799973,43.01399994,44.37799835,43.92499924,43.5379982,42.35300064
Madagascar,MDG,"Labor force participation rate, female (% of female population ages 15+) (modeled ILO estimate)",SL.TLF.CACT.FE.ZS,84.16200256,84.91899872,85.59600067,86.19000244,86.6989975,87.11799622,86.86100006,86.5530014,85.6760025,84.67199707,83.51699829,83.41000366
Malawi,MWI,"Labor force participation rate, female (% of female population ages 15+) (modeled ILO estimate)",SL.TLF.CACT.FE.ZS,74.22899628,73.99900055,73.77700043,73.55999756,73.33799744,73.11000061,72.90299988,72.68699646,72.46299744,72.40100098,72.35399628,72.30200195
Malaysia,MYS,"Labor force participation rate, female (% of female population ages 15+) (modeled ILO estimate)",SL.TLF.CACT.FE.ZS,44.00500107,43.85100174,43.70199966,43.04800034,43.61999893,43.45500183,45.03300095,46.34799957,48.99700165,49.94599915,50.31900024,50.59600067
Maldives,MDV,"Labor force participation rate, female (% of female population ages 15+) (modeled ILO estimate)",SL.TLF.CACT.FE.ZS,50.39799881,53.08599854,52.33300018,51.59700012,50.86500168,50.12200165,49.375,48.61500168,47.82600021,46.99599838,44.46900177,42.3769989
Mali,MLI,"Labor force participation rate, female (% of female population ages 15+) (modeled ILO estimate)",SL.TLF.CACT.FE.ZS,38.22200012,40.45899963,42.75600052,45.10200119,47.48199844,49.88499832,52.60800171,55.28300095,57.86999893,60.33000183,60.37400055,60.43099976
Malta,MLT,"Labor force participation rate, female (% of female population ages 15+) (modeled ILO estimate)",SL.TLF.CACT.FE.ZS,29.62800026,29.96899986,31.89800072,32.91999817,33.39099884,34.08300018,35.45800018,37.4620018,39.25999832,40.69200134,41.61100006,42.33800125
Marshall Islands,MHL,"Labor force participation rate, female (% of female population ages 15+) (modeled ILO estimate)",SL.TLF.CACT.FE.ZS,..,..,..,..,..,..,..,..,..,..,..,..
Mauritania,MRT,"Labor force participation rate, female (% of female population ages 15+) (modeled ILO estimate)",SL.TLF.CACT.FE.ZS,30.16399956,30.1989994,30.22999954,30.26499939,30.30800056,30.36300087,30.43300056,30.51300049,30.65299988,30.78300095,30.88899994,30.95899963
Mauritius,MUS,"Labor force participation rate, female (% of female population ages 15+) (modeled ILO estimate)",SL.TLF.CACT.FE.ZS,41.13499832,41.33300018,40.47499847,41.24100113,41.51100159,42.83800125,42.45899963,42.94599915,44.02799988,45.11100006,46.16199875,45.19200134
Mexico,MEX,"Labor force participation rate, female (% of female population ages 15+) (modeled ILO estimate)",SL.TLF.CACT.FE.ZS,41.31999969,42.50600052,42.92300034,42.79499817,43.33300018,43.17399979,43.50099945,44.56600189,44.56499863,43.56000137,43.90299988,43.96900177
"Micronesia, Fed. Sts.",FSM,"Labor force participation rate, female (% of female population ages 15+) (modeled ILO estimate)",SL.TLF.CACT.FE.ZS,..,..,..,..,..,..,..,..,..,..,..,..
Middle East & North Africa,MEA,"Labor force participation rate, female (% of female population ages 15+) (modeled ILO estimate)",SL.TLF.CACT.FE.ZS,20.21703716,20.21269547,20.56235832,20.2070413,20.34370738,20.32690833,20.09329654,20.14606893,20.21423438,19.899071,20.24591378,20.61637062
Middle East & North Africa (excluding high income),MNA,"Labor force participation rate, female (% of female population ages 15+) (modeled ILO estimate)",SL.TLF.CACT.FE.ZS,19.04693998,18.94539333,19.29409224,18.85516005,18.95709541,18.80695887,18.42377933,18.36241701,18.40492114,17.9647366,18.23407268,18.64146423
Middle income,MIC,"Labor force participation rate, female (% of female population ages 15+) (modeled ILO estimate)",SL.TLF.CACT.FE.ZS,49.83912942,49.36887798,48.87426255,48.34136941,47.87938134,47.24204328,46.9345192,46.64174428,46.55919026,46.40720634,46.28680231,46.31426142
Moldova,MDA,"Labor force participation rate, female (% of female population ages 15+) (modeled ILO estimate)",SL.TLF.CACT.FE.ZS,46.36299896,44.6780014,42.99399948,41.29499817,39.56700134,38.89500046,39.17100143,38.01800156,38.50299835,38.25899887,41.25699997,39.97499847
Monaco,MCO,"Labor force participation rate, female (% of female population ages 15+) (modeled ILO estimate)",SL.TLF.CACT.FE.ZS,..,..,..,..,..,..,..,..,..,..,..,..
Mongolia,MNG,"Labor force participation rate, female (% of female population ages 15+) (modeled ILO estimate)",SL.TLF.CACT.FE.ZS,53.69800186,53.66600037,53.68700027,53.82099915,53.6629982,53.13399887,53.88800049,53.7840004,53.70899963,53.95399857,53.73500061,52.66199875
Montenegro,MNE,"Labor force participation rate, female (% of female population ages 15+) (modeled ILO estimate)",SL.TLF.CACT.FE.ZS,42.68600082,42.72000122,42.78099823,42.82899857,42.65599823,42.60200119,42.58499908,42.74599838,42.69900131,42.56200027,42.44599915,42.31700134
Morocco,MAR,"Labor force participation rate, female (% of female population ages 15+) (modeled ILO estimate)",SL.TLF.CACT.FE.ZS,26.66900063,26.31999969,26.03499985,25.71800041,25.65299988,25.59700012,25.54000092,24.79599953,24.99099922,25.02199936,25.02099991,25.02700043
Mozambique,MOZ,"Labor force participation rate, female (% of female population ages 15+) (modeled ILO estimate)",SL.TLF.CACT.FE.ZS,87.05400085,86.63200378,86.15699768,85.62799835,85.04799652,84.41400146,83.72499847,82.97699738,82.93800354,82.88700104,82.82099915,82.75700378
Myanmar,MMR,"Labor force participation rate, female (% of female population ages 15+) (modeled ILO estimate)",SL.TLF.CACT.FE.ZS,56.10599899,55.5019989,54.94300079,54.45199966,53.95899963,53.50400162,53.20800018,52.85900116,52.48099899,52.11399841,51.76300049,51.45399857
Namibia,NAM,"Labor force participation rate, female (% of female population ages 15+) (modeled ILO estimate)",SL.TLF.CACT.FE.ZS,51.97100067,52.50899887,53.02000046,53.51900101,54.02899933,54.56600189,55.23600006,55.94100189,56.67399979,57.42699814,57.74700165,58.01599884
Nauru,NRU,"Labor force participation rate, female (% of female population ages 15+) (modeled ILO estimate)",SL.TLF.CACT.FE.ZS,..,..,..,..,..,..,..,..,..,..,..,..
Nepal,NPL,"Labor force participation rate, female (% of female population ages 15+) (modeled ILO estimate)",SL.TLF.CACT.FE.ZS,79.91200256,79.60500336,79.28900146,78.96299744,79.28199768,79.6269989,80.23300171,80.84999847,81.4280014,81.90899658,82.28399658,82.76799774
Netherlands,NLD,"Labor force participation rate, female (% of female population ages 15+) (modeled ILO estimate)",SL.TLF.CACT.FE.ZS,56.64300156,57.18999863,58.42399979,59.23899841,59.74499893,58.24900055,58.0929985,58.625,58.53699875,57.81399918,58.20299911,58.02000046
New Caledonia,NCL,"Labor force participation rate, female (% of female population ages 15+) (modeled ILO estimate)",SL.TLF.CACT.FE.ZS,60.54399872,60.12799835,59.63100052,59.11600113,58.62799835,58.14899826,57.99700165,57.90599823,57.85100174,57.79399872,57.7140007,57.5909996
New Zealand,NZL,"Labor force participation rate, female (% of female population ages 15+) (modeled ILO estimate)",SL.TLF.CACT.FE.ZS,60.09700012,60.64699936,61.09199905,61.36199951,61.24499893,60.9659996,61.44200134,61.57300186,62.00999832,62.90000153,62.84000015,63.92100143
Nicaragua,NIC,"Labor force participation rate, female (% of female population ages 15+) (modeled ILO estimate)",SL.TLF.CACT.FE.ZS,44.0909996,45.25999832,45.70600128,46.15800095,46.61000061,47.06100082,47.52399826,47.98799896,48.44900131,48.89599991,49.48699951,50.04999924
Niger,NER,"Labor force participation rate, female (% of female population ages 15+) (modeled ILO estimate)",SL.TLF.CACT.FE.ZS,67.76999664,67.76699829,67.7440033,67.76300049,67.70500183,67.70700073,67.64900208,67.65499878,67.61499786,67.58999634,67.54499817,67.51499939
Nigeria,NGA,"Labor force participation rate, female (% of female population ages 15+) (modeled ILO estimate)",SL.TLF.CACT.FE.ZS,47.75299835,47.99300003,48.26300049,48.55799866,48.8730011,49.20100021,49.53900146,49.88800049,50.23799896,50.30799866,50.35599899,50.32600021
North America,NAC,"Labor force participation rate, female (% of female population ages 15+) (modeled ILO estimate)",SL.TLF.CACT.FE.ZS,58.51499877,58.63127797,58.62850558,58.81775546,58.52648586,57.94704748,57.40893158,57.20644987,56.84961093,56.62587244,56.34393504,56.49038865
Northern Mariana Islands,MNP,"Labor force participation rate, female (% of female population ages 15+) (modeled ILO estimate)",SL.TLF.CACT.FE.ZS,..,..,..,..,..,..,..,..,..,..,..,..
Norway,NOR,"Labor force participation rate, female (% of female population ages 15+) (modeled ILO estimate)",SL.TLF.CACT.FE.ZS,60.7140007,61.02999878,62.06499863,63.24100113,62.62599945,61.79000092,61.65800095,61.59799957,61.56800079,61.34899902,61.33100128,60.88299942
OECD members,OED,"Labor force participation rate, female (% of female population ages 15+) (modeled ILO estimate)",SL.TLF.CACT.FE.ZS,49.78639991,50.11421309,50.28917091,50.62533843,50.6607105,50.8539783,50.68143542,50.96942563,51.05530375,51.14457983,51.06118839,50.99256665
Oman,OMN,"Labor force participation rate, female (% of female population ages 15+) (modeled ILO estimate)",SL.TLF.CACT.FE.ZS,25.22500038,26.09900093,26.9090004,27.66300011,28.27499962,28.74500084,29.14299965,29.62100029,29.95700073,30.1970005,30.42300034,30.26399994
Pakistan,PAK,"Labor force participation rate, female (% of female population ages 15+) (modeled ILO estimate)",SL.TLF.CACT.FE.ZS,19.34399986,20.92099953,21.10199928,21.55999947,22.81699944,21.73699951,22.09199905,22.34900093,22.62199974,22.95800018,23.92099953,24.72999954
Palau,PLW,"Labor force participation rate, female (% of female population ages 15+) (modeled ILO estimate)",SL.TLF.CACT.FE.ZS,..,..,..,..,..,..,..,..,..,..,..,..
Panama,PAN,"Labor force participation rate, female (% of female population ages 15+) (modeled ILO estimate)",SL.TLF.CACT.FE.ZS,47.95100021,46.61899948,47.50099945,48.63100052,49.77399826,49.11299896,46.67699814,48.42399979,50.65800095,50.85699844,51.81700134,52.77799988
Papua New Guinea,PNG,"Labor force participation rate, female (% of female population ages 15+) (modeled ILO estimate)",SL.TLF.CACT.FE.ZS,70.85099792,70.89099884,70.72899628,70.58300018,70.4469986,70.23999786,69.90299988,69.65499878,69.50299835,69.23899841,69.0530014,69.03299713
Paraguay,PRY,"Labor force participation rate, female (% of female population ages 15+) (modeled ILO estimate)",SL.TLF.CACT.FE.ZS,54.98699951,55.17900085,55.38499832,55.20000076,56.27000046,53.86500168,55.42499924,60.29199982,58.73500061,55.97700119,55.92900085,56.27399826
Peru,PER,"Labor force participation rate, female (% of female population ages 15+) (modeled ILO estimate)",SL.TLF.CACT.FE.ZS,66.73799896,68.31400299,69.84300232,70.11000061,70.50900269,72.03399658,71.3030014,71.14199829,70.63400269,69.64299774,68.06700134,68.51300049
Philippines,PHL,"Labor force participation rate, female (% of female population ages 15+) (modeled ILO estimate)",SL.TLF.CACT.FE.ZS,47.68799973,48.10800171,48.19599915,47.64699936,48.40399933,48.59500122,49.34700012,48.94900131,48.8730011,49.63899994,49.40499878,49.39500046
Poland,POL,"Labor force participation rate, female (% of female population ages 15+) (modeled ILO estimate)",SL.TLF.CACT.FE.ZS,47.7879982,46.70100021,46.43700027,46.80099869,47.42399979,48.27199936,48.37200165,48.76399994,48.77799988,49.16400146,48.99599838,49.02000046
Portugal,PRT,"Labor force participation rate, female (% of female population ages 15+) (modeled ILO estimate)",SL.TLF.CACT.FE.ZS,55.2840004,55.57300186,56.00500107,55.86800003,55.63299942,55.81399918,54.61299896,54.65200043,54.12799835,53.79800034,53.77700043,53.57500076
Puerto Rico,PRI,"Labor force participation rate, female (% of female population ages 15+) (modeled ILO estimate)",SL.TLF.CACT.FE.ZS,36.90100098,37.98600006,37.37200165,36.55500031,36.05500031,35.56200027,35.08399963,34.61899948,34.1590004,33.70100021,33.24499893,33.24700165
Qatar,QAT,"Labor force participation rate, female (% of female population ages 15+) (modeled ILO estimate)",SL.TLF.CACT.FE.ZS,45.10800171,47.06200027,48.56399918,48.64500046,48.83599854,51.13299942,52.61600113,54.07099915,55.67599869,57.34199905,58.93399811,58.3730011
Romania,ROU,"Labor force participation rate, female (% of female population ages 15+) (modeled ILO estimate)",SL.TLF.CACT.FE.ZS,46.31299973,47.24300003,46.83499908,46.14899826,45.87200165,46.33100128,46.15000153,46.27999878,46.00299835,46.14599991,45.19400024,44.47600174
Russian Federation,RUS,"Labor force participation rate, female (% of female population ages 15+) (modeled ILO estimate)",SL.TLF.CACT.FE.ZS,55.88899994,56.22399902,56.78499985,56.68199921,56.86000061,56.51499939,56.93199921,56.92100143,56.74900055,56.77000046,56.75299835,56.9090004
Rwanda,RWA,"Labor force participation rate, female (% of female population ages 15+) (modeled ILO estimate)",SL.TLF.CACT.FE.ZS,85.22599792,85.34100342,85.54100037,85.78399658,85.97899628,86.10800171,86.20400238,86.24299622,86.22399902,86.18599701,86.13300323,86.0530014
Samoa,WSM,"Labor force participation rate, female (% of female population ages 15+) (modeled ILO estimate)",SL.TLF.CACT.FE.ZS,24.60199928,24.52499962,24.38400078,24.31500053,24.34199905,24.30500031,24.17099953,24.11599922,24.09000015,24.01000023,23.91399956,23.79999924
San Marino,SMR,"Labor force participation rate, female (% of female population ages 15+) (modeled ILO estimate)",SL.TLF.CACT.FE.ZS,..,..,..,..,..,..,..,..,..,..,..,..
Sao Tome and Principe,STP,"Labor force participation rate, female (% of female population ages 15+) (modeled ILO estimate)",SL.TLF.CACT.FE.ZS,38.77999878,39.07500076,39.31900024,39.60100174,39.81900024,40.05099869,40.32899857,40.5719986,40.80199814,41.01499939,41.18099976,41.32899857
Saudi Arabia,SAU,"Labor force participation rate, female (% of female population ages 15+) (modeled ILO estimate)",SL.TLF.CACT.FE.ZS,17.65999985,18.24600029,17.8239994,17.48699951,17.12000084,18.22200012,19.56100082,20.32799911,20.29700089,20.71800041,22.07900047,22.20000076
Senegal,SEN,"Labor force participation rate, female (% of female population ages 15+) (modeled ILO estimate)",SL.TLF.CACT.FE.ZS,34.18099976,34.25999832,36.2519989,38.2840004,40.34899902,42.43700027,44.53699875,44.65200043,44.75899887,44.8769989,45.02299881,45.16699982
Serbia,SRB,"Labor force participation rate, female (% of female population ages 15+) (modeled ILO estimate)",SL.TLF.CACT.FE.ZS,45.41500092,45.26100159,45.93700027,45.22999954,44.19300079,42.87900162,42.63600159,43.01399994,43.95100021,44.4280014,44.0719986,46.13800049
Seychelles,SYC,"Labor force participation rate, female (% of female population ages 15+) (modeled ILO estimate)",SL.TLF.CACT.FE.ZS,..,..,..,..,..,..,..,..,..,..,..,..
Sierra Leone,SLE,"Labor force participation rate, female (% of female population ages 15+) (modeled ILO estimate)",SL.TLF.CACT.FE.ZS,64.44000244,63.64400101,62.85699844,62.07300186,61.28699875,60.5,59.6969986,58.89699936,58.10200119,57.31600189,57.2159996,57.29800034
Singapore,SGP,"Labor force participation rate, female (% of female population ages 15+) (modeled ILO estimate)",SL.TLF.CACT.FE.ZS,52.41999817,53.09799957,53.81499863,56.2179985,55.9129982,57.05899811,57.60800171,58.41699982,58.60300064,59.70700073,60.79800034,60.62900162
Sint Maarten (Dutch part),SXM,"Labor force participation rate, female (% of female population ages 15+) (modeled ILO estimate)",SL.TLF.CACT.FE.ZS,..,..,..,..,..,..,..,..,..,..,..,..
Slovak Republic,SVK,"Labor force participation rate, female (% of female population ages 15+) (modeled ILO estimate)",SL.TLF.CACT.FE.ZS,51.26499939,50.67499924,50.48199844,50.89099884,50.18399811,50.63700104,50.20999908,50.72700119,51.07099915,51.11899948,51.9980011,52.65299988
Slovenia,SVN,"Labor force participation rate, female (% of female population ages 15+) (modeled ILO estimate)",SL.TLF.CACT.FE.ZS,52.84999847,53.25799942,53.48699951,53.62799835,53.52600098,53.18299866,52.35400009,52.31800079,51.79299927,52.34600067,52.0340004,52.07300186
Solomon Islands,SLB,"Labor force participation rate, female (% of female population ages 15+) (modeled ILO estimate)",SL.TLF.CACT.FE.ZS,63.91999817,63.70299911,63.4659996,63.24399948,63.60499954,63.40200043,62.89500046,62.75099945,62.68000031,62.67599869,62.57400131,62.51399994
Somalia,SOM,"Labor force participation rate, female (% of female population ages 15+) (modeled ILO estimate)",SL.TLF.CACT.FE.ZS,17.47200012,17.43000031,17.39599991,17.37299919,17.39900017,17.54700089,17.61000061,17.77799988,18.01000023,18.25099945,18.47200012,18.60199928
South Africa,ZAF,"Labor force participation rate, female (% of female population ages 15+) (modeled ILO estimate)",SL.TLF.CACT.FE.ZS,45.92399979,46.13399887,46.35400009,47.92499924,46.29299927,44.72900009,45.19800186,45.41899872,46.38600159,46.61299896,47.80099869,47.78699875
South Asia,SAS,"Labor force participation rate, female (% of female population ages 15+) (modeled ILO estimate)",SL.TLF.CACT.FE.ZS,34.75430962,33.54649897,32.28827155,31.10343333,30.05106347,28.78996671,28.20793656,27.61952282,27.86633001,28.07097095,28.35072759,28.63828996
South Sudan,SSD,"Labor force participation rate, female (% of female population ages 15+) (modeled ILO estimate)",SL.TLF.CACT.FE.ZS,70.62999725,70.61599731,70.61100006,70.61100006,70.61299896,70.61499786,70.61499786,70.61699677,70.6230011,70.64099884,70.67299652,70.71700287
Spain,ESP,"Labor force participation rate, female (% of female population ages 15+) (modeled ILO estimate)",SL.TLF.CACT.FE.ZS,46.09899902,47.44900131,48.35300064,49.66899872,50.77700043,51.54399872,52.12599945,52.64400101,52.61899948,52.37599945,52.31600189,52.30199814
Sri Lanka,LKA,"Labor force participation rate, female (% of female population ages 15+) (modeled ILO estimate)",SL.TLF.CACT.FE.ZS,36.94300079,36.875,36.77999878,36.6609993,36.53499985,34.75899887,34.56700134,32.88899994,35.69100189,34.76300049,34.91799927,35.19499969
St. Kitts and Nevis,KNA,"Labor force participation rate, female (% of female population ages 15+) (modeled ILO estimate)",SL.TLF.CACT.FE.ZS,..,..,..,..,..,..,..,..,..,..,..,..
St. Lucia,LCA,"Labor force participation rate, female (% of female population ages 15+) (modeled ILO estimate)",SL.TLF.CACT.FE.ZS,57.33200073,58.33200073,58.65499878,59.06600189,59.06800079,58.89799881,59.25600052,59.51699829,59.86199951,60.20299911,60.62099838,60.90100098
St. Martin (French part),MAF,"Labor force participation rate, female (% of female population ages 15+) (modeled ILO estimate)",SL.TLF.CACT.FE.ZS,..,..,..,..,..,..,..,..,..,..,..,..
St. Vincent and the Grenadines,VCT,"Labor force participation rate, female (% of female population ages 15+) (modeled ILO estimate)",SL.TLF.CACT.FE.ZS,54.68500137,55.63800049,56.2480011,56.83100128,57.10100174,57.26499939,57.45600128,57.74599838,58.0320015,58.19900131,58.29600143,58.49200058
Sub-Saharan Africa,SSF,"Labor force participation rate, female (% of female population ages 15+) (modeled ILO estimate)",SL.TLF.CACT.FE.ZS,61.5420573,61.66334549,61.82653449,62.09602996,62.11725901,62.15885127,62.34244597,62.46028257,62.61802464,62.65789644,62.78201589,62.82803214
Sub-Saharan Africa (excluding high income),SSA,"Labor force participation rate, female (% of female population ages 15+) (modeled ILO estimate)",SL.TLF.CACT.FE.ZS,61.5420573,61.66334549,61.82653449,62.09602996,62.11725901,62.15885127,62.34244597,62.46028257,62.61802464,62.65789644,62.78201589,62.82803214
Sudan,SDN,"Labor force participation rate, female (% of female population ages 15+) (modeled ILO estimate)",SL.TLF.CACT.FE.ZS,24.47500038,24.07299995,23.67700005,23.28800011,22.90800095,22.95700073,23.07999992,23.25099945,23.36400032,23.47900009,23.62299919,23.75300026
Suriname,SUR,"Labor force participation rate, female (% of female population ages 15+) (modeled ILO estimate)",SL.TLF.CACT.FE.ZS,38.86199951,39.28099823,39.77799988,40.22000122,40.58499908,41.04999924,41.47600174,41.75899887,42.00999832,42.19100189,42.23699951,41.58499908
Sweden,SWE,"Labor force participation rate, female (% of female population ages 15+) (modeled ILO estimate)",SL.TLF.CACT.FE.ZS,59.58100128,59.2159996,59.67599869,59.78699875,59.3390007,58.89799881,59.42399979,59.67900085,60.15200043,60.3409996,60.62200165,60.66600037
Switzerland,CHE,"Labor force participation rate, female (% of female population ages 15+) (modeled ILO estimate)",SL.TLF.CACT.FE.ZS,59.45899963,59.89099884,60.10100174,61.43899918,61.63999939,59.91999817,60.5870018,60.93199921,61.26100159,62.02099991,62.39500046,62.88600159
Syrian Arab Republic,SYR,"Labor force participation rate, female (% of female population ages 15+) (modeled ILO estimate)",SL.TLF.CACT.FE.ZS,16.2310009,15.02700043,14.19299984,14.77700043,13.04300022,13.23700047,13.06000042,12.86100006,12.6260004,12.36100006,12.07299995,12.13899994
Tajikistan,TJK,"Labor force participation rate, female (% of female population ages 15+) (modeled ILO estimate)",SL.TLF.CACT.FE.ZS,47.34400177,47.2140007,47.07799911,46.9469986,46.98099899,46.85499954,46.65100098,46.40100098,46.13000107,45.89599991,45.7159996,45.52199936
Tanzania,TZA,"Labor force participation rate, female (% of female population ages 15+) (modeled ILO estimate)",SL.TLF.CACT.FE.ZS,81.81900024,81.84100342,81.85800171,81.86000061,81.8730011,81.90599823,81.98000336,81.35900116,80.55200195,79.53199768,79.53500366,79.52899933
Thailand,THA,"Labor force participation rate, female (% of female population ages 15+) (modeled ILO estimate)",SL.TLF.CACT.FE.ZS,65.69599915,64.78700256,65.26899719,65.29000092,64.79599762,64.45500183,65.96399689,65.17199707,63.01300049,62.45899963,60.95899963,60.65800095
Timor-Leste,TLS,"Labor force participation rate, female (% of female population ages 15+) (modeled ILO estimate)",SL.TLF.CACT.FE.ZS,31.61899948,30.25799942,29.07299995,28.06299973,27.20800018,26.46899986,26.17399979,25.89299965,25.65800095,25.39999962,25.21699905,25.11800003
Togo,TGO,"Labor force participation rate, female (% of female population ages 15+) (modeled ILO estimate)",SL.TLF.CACT.FE.ZS,80.48300171,80.58100128,79.78800201,78.93699646,78.01699829,77.02300262,75.93499756,75.9980011,76.04399872,76.07800293,76.08599854,76.06999969
Tonga,TON,"Labor force participation rate, female (% of female population ages 15+) (modeled ILO estimate)",SL.TLF.CACT.FE.ZS,45.47499847,45.59899902,45.69100189,45.58200073,45.48500061,45.40000153,45.35900116,45.34500122,45.37900162,45.30400085,45.17200089,45.14599991
Trinidad and Tobago,TTO,"Labor force participation rate, female (% of female population ages 15+) (modeled ILO estimate)",SL.TLF.CACT.FE.ZS,53.47299957,53.61600113,52.39699936,53.07099915,51.6609993,52.52199936,52.73400116,52.89300156,52.99100113,53.02799988,51.65999985,51.02299881
Tunisia,TUN,"Labor force participation rate, female (% of female population ages 15+) (modeled ILO estimate)",SL.TLF.CACT.FE.ZS,23.875,24.40800095,24.95299911,25.14900017,24.3920002,24.4640007,24.45700073,25.24799919,25.07500076,24.87299919,24.64999962,24.38699913
Turkey,TUR,"Labor force participation rate, female (% of female population ages 15+) (modeled ILO estimate)",SL.TLF.CACT.FE.ZS,23.30500031,23.0510006,23.11100006,23.98999977,25.47900009,27.03300095,28.3220005,28.87999916,30.10300064,30.24200058,31.47400093,32.50500107
Turkmenistan,TKM,"Labor force participation rate, female (% of female population ages 15+) (modeled ILO estimate)",SL.TLF.CACT.FE.ZS,52.49399948,52.55199814,52.60499954,52.6590004,52.75,52.86700058,52.99300003,53.15100098,53.30599976,53.41400146,53.4659996,53.45199966
Turks and Caicos Islands,TCA,"Labor force participation rate, female (% of female population ages 15+) (modeled ILO estimate)",SL.TLF.CACT.FE.ZS,..,..,..,..,..,..,..,..,..,..,..,..
Tuvalu,TUV,"Labor force participation rate, female (% of female population ages 15+) (modeled ILO estimate)",SL.TLF.CACT.FE.ZS,..,..,..,..,..,..,..,..,..,..,..,..
Uganda,UGA,"Labor force participation rate, female (% of female population ages 15+) (modeled ILO estimate)",SL.TLF.CACT.FE.ZS,64.96399689,65.15100098,65.33000183,65.5059967,65.68699646,65.87599945,66.08000183,66.29000092,66.33000183,66.37799835,66.41999817,66.45400238
Ukraine,UKR,"Labor force participation rate, female (% of female population ages 15+) (modeled ILO estimate)",SL.TLF.CACT.FE.ZS,48.54600143,48.43799973,48.36100006,48.34199905,48.42499924,48.38899994,48.22800064,47.4620018,48.35499954,47.01699829,47.3409996,47.20700073
United Arab Emirates,ARE,"Labor force participation rate, female (% of female population ages 15+) (modeled ILO estimate)",SL.TLF.CACT.FE.ZS,37.17300034,38.56200027,40.10900116,41.77600098,42.55799866,42.91600037,42.66799927,42.53099823,42.34500122,42.07699966,41.79299927,41.25099945
United Kingdom,GBR,"Labor force participation rate, female (% of female population ages 15+) (modeled ILO estimate)",SL.TLF.CACT.FE.ZS,54.71300125,55.12799835,54.94599915,55.26900101,55.48799896,55.45500183,55.51900101,55.77999878,56.14400101,56.42499924,56.5530014,56.77399826
United States,USA,"Labor force participation rate, female (% of female population ages 15+) (modeled ILO estimate)",SL.TLF.CACT.FE.ZS,58.24200058,58.3409996,58.25899887,58.45800018,58.14500046,57.5,56.92900085,56.70000076,56.29199982,56.11000061,55.83200073,55.99000168
Upper middle income,UMC,"Labor force participation rate, female (% of female population ages 15+) (modeled ILO estimate)",SL.TLF.CACT.FE.ZS,57.87205497,57.614827,57.33051402,57.00366333,56.74478027,56.21450204,56.0655145,56.00089864,55.77040713,55.45308281,55.33366161,55.16438861
Uruguay,URY,"Labor force participation rate, female (% of female population ages 15+) (modeled ILO estimate)",SL.TLF.CACT.FE.ZS,52.54100037,53.21900177,53.66999817,54.29199982,54.90100098,55.33499908,55.97700119,55.78900146,54.97399902,55.96300125,55.72499847,55.9280014
Uzbekistan,UZB,"Labor force participation rate, female (% of female population ages 15+) (modeled ILO estimate)",SL.TLF.CACT.FE.ZS,52.30799866,52.42300034,52.5340004,52.65800095,52.79800034,52.95399857,53.10900116,53.27000046,53.43000031,53.56999969,53.67900085,53.7519989
Vanuatu,VUT,"Labor force participation rate, female (% of female population ages 15+) (modeled ILO estimate)",SL.TLF.CACT.FE.ZS,61.45999908,61.15499878,61.05400085,60.96699905,61.06900024,61.24300003,61.32600021,61.35900116,61.38399887,61.41699982,61.59400177,61.53300095
"Venezuela, RB",VEN,"Labor force participation rate, female (% of female population ages 15+) (modeled ILO estimate)",SL.TLF.CACT.FE.ZS,49.68799973,50.67399979,50.20700073,50.67200089,51.09500122,50.61999893,50.99599838,50.58399963,51.01499939,51.11199951,51.02700043,50.11700058
Vietnam,VNM,"Labor force participation rate, female (% of female population ages 15+) (modeled ILO estimate)",SL.TLF.CACT.FE.ZS,72.47599792,72.40200043,72.31300354,72.26200104,72.24099731,72.48100281,72.80000305,73.18299866,73.59799957,73.90899658,73.37799835,73.20200348
Virgin Islands (U.S.),VIR,"Labor force participation rate, female (% of female population ages 15+) (modeled ILO estimate)",SL.TLF.CACT.FE.ZS,60.14099884,60.09899902,60.12799835,59.98400116,59.58200073,59.35400009,58.95999908,58.55199814,58.13399887,57.77700043,57.49900055,57.3030014
West Bank and Gaza,PSE,"Labor force participation rate, female (% of female population ages 15+) (modeled ILO estimate)",SL.TLF.CACT.FE.ZS,14.14000034,14.59599972,15.25,15.96700001,15.73999977,14.8409996,16.59700012,17.4090004,17.28499985,18.11899948,19.03800011,19.24900055
World,WLD,"Labor force participation rate, female (% of female population ages 15+) (modeled ILO estimate)",SL.TLF.CACT.FE.ZS,51.1053121,50.81137318,50.4821737,50.14675842,49.82449984,49.34518289,49.13256401,48.96268478,48.93058522,48.85344788,48.79411454,48.8811972
"Yemen, Rep.",YEM,"Labor force participation rate, female (% of female population ages 15+) (modeled ILO estimate)",SL.TLF.CACT.FE.ZS,14.37800026,13.38700008,12.46199989,11.60000038,10.79699993,10.04899979,8.847999573,7.800000191,6.883999825,6.084000111,6.132999897,6.171000004
Zambia,ZMB,"Labor force participation rate, female (% of female population ages 15+) (modeled ILO estimate)",SL.TLF.CACT.FE.ZS,73.65399933,73.16500092,72.66100311,72.14399719,71.61000061,71.05999756,70.54299927,70.02100372,70.05599976,70.08399963,70.09999847,70.12799835
Zimbabwe,ZWE,"Labor force participation rate, female (% of female population ages 15+) (modeled ILO estimate)",SL.TLF.CACT.FE.ZS,77.08499908,77.13200378,77.18199921,77.23500061,77.29499817,77.36000061,77.49099731,77.6969986,77.86299896,78.01000214,78.11399841,78.20899963
,,,,,,,,,,,,,,,
,,,,,,,,,,,,,,,
,,,,,,,,,,,,,,,
Data from database: Jobs,,,,,,,,,,,,,,,
Last Updated: 02/17/2021,,,,,,,,,,,,,,,
