Country Name,Country Code,Series Name,Series Code,2010 [YR2010],2011 [YR2011],2012 [YR2012],2013 [YR2013],2014 [YR2014],2015 [YR2015],2016 [YR2016],2017 [YR2017],2018 [YR2018],2019 [YR2019]
Afghanistan,AFG,"Adjusted net savings, excluding particulate emission damage (% of GNI)",NY.ADJ.SVNX.GN.ZS,..,..,..,..,..,..,..,..,..,..
Albania,ALB,"Adjusted net savings, excluding particulate emission damage (% of GNI)",NY.ADJ.SVNX.GN.ZS,8.47558379,6.586469715,4.896754928,3.273007828,0.876868739,0.213407395,1.275135299,0.418733053,0.852546231,-2.048033233
Algeria,DZA,"Adjusted net savings, excluding particulate emission damage (% of GNI)",NY.ADJ.SVNX.GN.ZS,28.85422844,25.36668316,24.93954292,24.07037736,23.12556687,19.36354332,22.77843369,22.19021607,21.81636026,20.73905891
American Samoa,ASM,"Adjusted net savings, excluding particulate emission damage (% of GNI)",NY.ADJ.SVNX.GN.ZS,..,..,..,..,..,..,..,..,..,..
Andorra,AND,"Adjusted net savings, excluding particulate emission damage (% of GNI)",NY.ADJ.SVNX.GN.ZS,..,..,..,..,..,..,..,..,..,..
Angola,AGO,"Adjusted net savings, excluding particulate emission damage (% of GNI)",NY.ADJ.SVNX.GN.ZS,-2.815262888,-1.478422246,1.247788664,-0.243830088,2.607538292,7.997221003,7.238977543,1.549669397,-4.67611705,-6.134863051
Antigua and Barbuda,ATG,"Adjusted net savings, excluding particulate emission damage (% of GNI)",NY.ADJ.SVNX.GN.ZS,..,..,..,..,..,..,..,..,..,..
Arab World,ARB,"Adjusted net savings, excluding particulate emission damage (% of GNI)",NY.ADJ.SVNX.GN.ZS,20.10035377,24.21934279,22.82005422,20.33583552,17.87774411,10.38606654,10.70920705,13.10721996,14.70703817,13.59140567
Argentina,ARG,"Adjusted net savings, excluding particulate emission damage (% of GNI)",NY.ADJ.SVNX.GN.ZS,7.025001304,7.234323804,5.468081392,4.279201681,4.591211915,4.939187812,5.050171611,4.944988688,4.67534119,5.261859897
Armenia,ARM,"Adjusted net savings, excluding particulate emission damage (% of GNI)",NY.ADJ.SVNX.GN.ZS,0.778639709,-1.097625326,1.948050569,2.463121498,0.99038205,5.252540081,4.466368749,3.834393703,1.565456156,-3.781921726
Aruba,ABW,"Adjusted net savings, excluding particulate emission damage (% of GNI)",NY.ADJ.SVNX.GN.ZS,-3.233307376,-10.47069151,-3.438339021,0.415180178,4.511939153,9.164361268,9.646101042,9.380601066,..,..
Australia,AUS,"Adjusted net savings, excluding particulate emission damage (% of GNI)",NY.ADJ.SVNX.GN.ZS,7.375591688,8.728131846,10.3576381,9.696017071,8.214282108,7.263653913,5.298791735,6.591302598,5.970546891,6.367928062
Austria,AUT,"Adjusted net savings, excluding particulate emission damage (% of GNI)",NY.ADJ.SVNX.GN.ZS,13.06894213,13.5623793,12.75651307,12.22877465,12.61046322,12.42914125,13.84141014,12.92402547,13.40214168,14.57287047
Azerbaijan,AZE,"Adjusted net savings, excluding particulate emission damage (% of GNI)",NY.ADJ.SVNX.GN.ZS,18.62735745,20.56939269,20.30668306,22.10460482,21.08814354,12.67420061,5.491319541,8.737187456,7.526442372,6.055641513
"Bahamas, The",BHS,"Adjusted net savings, excluding particulate emission damage (% of GNI)",NY.ADJ.SVNX.GN.ZS,19.86448241,17.34957383,19.14069402,19.40119088,16.24972496,16.27492386,20.99754368,15.92979669,14.85651711,26.60597627
Bahrain,BHR,"Adjusted net savings, excluding particulate emission damage (% of GNI)",NY.ADJ.SVNX.GN.ZS,21.04045186,16.18146588,24.96384558,20.84854277,19.37370431,12.52296316,15.88395421,19.71347671,20.16929329,..
Bangladesh,BGD,"Adjusted net savings, excluding particulate emission damage (% of GNI)",NY.ADJ.SVNX.GN.ZS,28.03895594,27.33818271,29.46384073,28.92511116,27.15188201,26.17234291,26.80884488,25.16949935,23.07129711,25.05829748
Barbados,BRB,"Adjusted net savings, excluding particulate emission damage (% of GNI)",NY.ADJ.SVNX.GN.ZS,-2.270820696,-8.498185137,-3.137336342,-3.801900804,-2.445410574,-0.523839514,-1.303770399,..,..,..
Belarus,BLR,"Adjusted net savings, excluding particulate emission damage (% of GNI)",NY.ADJ.SVNX.GN.ZS,11.17192006,14.75889533,14.81822692,12.52485012,11.69834396,12.6986916,10.04800061,11.34426565,12.56151364,10.7766152
Belgium,BEL,"Adjusted net savings, excluding particulate emission damage (% of GNI)",NY.ADJ.SVNX.GN.ZS,11.45025069,9.684683682,10.63998091,10.05101456,10.6720733,11.34732623,11.30920897,11.65671905,11.30472295,11.64643357
Belize,BLZ,"Adjusted net savings, excluding particulate emission damage (% of GNI)",NY.ADJ.SVNX.GN.ZS,-6.459314401,-5.081599339,-3.39380282,-3.405708515,-1.50104105,2.45987495,-1.262911784,-0.764816186,-4.520365738,-3.464907267
Benin,BEN,"Adjusted net savings, excluding particulate emission damage (% of GNI)",NY.ADJ.SVNX.GN.ZS,-1.808854247,-0.494066972,1.994070398,6.274424494,8.647597161,2.199796084,5.596238528,5.153509112,8.521907414,10.34099216
Bermuda,BMU,"Adjusted net savings, excluding particulate emission damage (% of GNI)",NY.ADJ.SVNX.GN.ZS,..,..,..,..,..,..,..,..,..,..
Bhutan,BTN,"Adjusted net savings, excluding particulate emission damage (% of GNI)",NY.ADJ.SVNX.GN.ZS,27.18132155,34.24148642,44.7891583,19.78016839,23.51193846,14.32337753,24.92441539,24.29385353,18.08974236,15.15570537
Bolivia,BOL,"Adjusted net savings, excluding particulate emission damage (% of GNI)",NY.ADJ.SVNX.GN.ZS,16.25055373,14.78564486,13.69227295,12.48021626,10.17754486,6.559430641,7.218555847,6.0205877,5.014981784,3.802727629
Bosnia and Herzegovina,BIH,"Adjusted net savings, excluding particulate emission damage (% of GNI)",NY.ADJ.SVNX.GN.ZS,..,..,..,..,..,..,..,..,..,..
Botswana,BWA,"Adjusted net savings, excluding particulate emission damage (% of GNI)",NY.ADJ.SVNX.GN.ZS,21.85797705,29.94157929,26.26099468,23.44435987,27.88199364,22.99607078,20.68924723,21.2422976,19.07520667,16.49861648
Brazil,BRA,"Adjusted net savings, excluding particulate emission damage (% of GNI)",NY.ADJ.SVNX.GN.ZS,12.56885252,13.11783369,12.49481821,12.97904194,11.16256575,10.4834177,9.832724997,9.786266478,7.727571201,7.546753825
British Virgin Islands,VGB,"Adjusted net savings, excluding particulate emission damage (% of GNI)",NY.ADJ.SVNX.GN.ZS,..,..,..,..,..,..,..,..,..,..
Brunei Darussalam,BRN,"Adjusted net savings, excluding particulate emission damage (% of GNI)",NY.ADJ.SVNX.GN.ZS,36.83249346,36.10706585,37.77687219,38.83547726,38.34290422,35.48052016,37.31649524,35.29287963,29.7627885,31.20669961
Bulgaria,BGR,"Adjusted net savings, excluding particulate emission damage (% of GNI)",NY.ADJ.SVNX.GN.ZS,7.260791932,8.865690715,8.967174049,11.62298005,9.927240332,8.916480309,11.08839982,12.38513589,10.93466951,12.86396413
Burkina Faso,BFA,"Adjusted net savings, excluding particulate emission damage (% of GNI)",NY.ADJ.SVNX.GN.ZS,3.17823854,3.945305103,5.078371528,2.62413919,1.948252855,-0.251005913,1.845727421,2.759618038,7.823622001,9.197118657
Burundi,BDI,"Adjusted net savings, excluding particulate emission damage (% of GNI)",NY.ADJ.SVNX.GN.ZS,-28.33656223,-31.18194343,-14.66446857,-20.99622814,-23.8872515,-11.85139062,-18.76433773,-18.51016787,-16.45205154,..
Cabo Verde,CPV,"Adjusted net savings, excluding particulate emission damage (% of GNI)",NY.ADJ.SVNX.GN.ZS,24.63613295,24.22763258,18.89242099,19.16886878,16.71230307,18.6452034,23.33583993,20.55138148,24.31464699,24.73386242
Cambodia,KHM,"Adjusted net savings, excluding particulate emission damage (% of GNI)",NY.ADJ.SVNX.GN.ZS,9.020676132,7.988867673,10.97224661,13.68811488,12.93447066,12.08439622,11.14529031,13.68901191,16.00904504,17.57899362
Cameroon,CMR,"Adjusted net savings, excluding particulate emission damage (% of GNI)",NY.ADJ.SVNX.GN.ZS,2.352389164,2.068176582,1.028518789,2.565649326,4.487524362,3.907760384,5.399163815,5.949938064,4.588258863,4.854836481
Canada,CAN,"Adjusted net savings, excluding particulate emission damage (% of GNI)",NY.ADJ.SVNX.GN.ZS,6.769613317,8.444537645,8.415609357,8.937158955,9.50819686,5.895679797,5.103121679,6.692827439,6.158514186,6.495931778
Caribbean small states,CSS,"Adjusted net savings, excluding particulate emission damage (% of GNI)",NY.ADJ.SVNX.GN.ZS,..,..,..,..,..,..,..,..,..,..
Cayman Islands,CYM,"Adjusted net savings, excluding particulate emission damage (% of GNI)",NY.ADJ.SVNX.GN.ZS,..,..,..,..,..,..,..,..,..,..
Central African Republic,CAF,"Adjusted net savings, excluding particulate emission damage (% of GNI)",NY.ADJ.SVNX.GN.ZS,..,..,..,..,..,..,..,..,..,..
Central Europe and the Baltics,CEB,"Adjusted net savings, excluding particulate emission damage (% of GNI)",NY.ADJ.SVNX.GN.ZS,5.940713509,6.695380659,6.56082068,7.762827167,8.573339099,9.794051157,8.962215921,9.379111615,9.39597699,10.19275994
Chad,TCD,"Adjusted net savings, excluding particulate emission damage (% of GNI)",NY.ADJ.SVNX.GN.ZS,..,..,..,..,..,..,..,..,..,..
Channel Islands,CHI,"Adjusted net savings, excluding particulate emission damage (% of GNI)",NY.ADJ.SVNX.GN.ZS,..,..,..,..,..,..,..,..,..,..
Chile,CHL,"Adjusted net savings, excluding particulate emission damage (% of GNI)",NY.ADJ.SVNX.GN.ZS,9.180844426,7.555363597,8.950899366,7.979523229,9.220730258,10.83622397,7.567921087,5.299444343,3.676129441,5.580592497
China,CHN,"Adjusted net savings, excluding particulate emission damage (% of GNI)",NY.ADJ.SVNX.GN.ZS,30.71696074,26.18621789,27.37161654,26.49928524,26.74554907,25.48074267,25.3677802,26.5899084,25.84359852,24.97675147
Colombia,COL,"Adjusted net savings, excluding particulate emission damage (% of GNI)",NY.ADJ.SVNX.GN.ZS,4.55051373,3.107947643,2.611339204,3.228758087,3.927490822,4.673888199,5.384972834,4.310569708,3.522392523,3.084457248
Comoros,COM,"Adjusted net savings, excluding particulate emission damage (% of GNI)",NY.ADJ.SVNX.GN.ZS,4.767257615,1.540913989,2.281699373,..,-0.415167239,2.898072391,-2.192203934,1.25737144,3.828938254,4.961772867
"Congo, Dem. Rep.",COD,"Adjusted net savings, excluding particulate emission damage (% of GNI)",NY.ADJ.SVNX.GN.ZS,8.840737966,5.989300357,-4.833221879,2.863283748,2.147716196,2.139237009,0.258359911,10.86503899,5.83453176,13.70211616
"Congo, Rep.",COG,"Adjusted net savings, excluding particulate emission damage (% of GNI)",NY.ADJ.SVNX.GN.ZS,3.993760951,-6.816035261,10.24846431,20.14427919,20.83723587,11.17967465,-4.561561545,..,..,..
Costa Rica,CRI,"Adjusted net savings, excluding particulate emission damage (% of GNI)",NY.ADJ.SVNX.GN.ZS,15.69554819,13.80566979,15.08952541,14.07038476,13.90580874,15.1837842,16.25724162,16.13690124,16.2758665,15.50732078
Cote d'Ivoire,CIV,"Adjusted net savings, excluding particulate emission damage (% of GNI)",NY.ADJ.SVNX.GN.ZS,12.93823849,8.488950336,10.9791874,15.2595971,19.82201297,21.84518076,18.90372277,15.72049984,13.95939578,..
Croatia,HRV,"Adjusted net savings, excluding particulate emission damage (% of GNI)",NY.ADJ.SVNX.GN.ZS,4.716331195,4.348409224,3.274702038,5.377782686,6.392526364,11.1426354,10.63063886,12.73080944,12.9103464,13.24306609
Cuba,CUB,"Adjusted net savings, excluding particulate emission damage (% of GNI)",NY.ADJ.SVNX.GN.ZS,..,..,..,..,..,..,..,..,..,..
Curacao,CUW,"Adjusted net savings, excluding particulate emission damage (% of GNI)",NY.ADJ.SVNX.GN.ZS,..,..,..,..,..,..,..,..,..,..
Cyprus,CYP,"Adjusted net savings, excluding particulate emission damage (% of GNI)",NY.ADJ.SVNX.GN.ZS,6.515480407,9.459816416,5.01941956,3.376771583,1.020223664,4.967862027,5.759479288,7.661735323,7.993710261,8.030875542
Czech Republic,CZE,"Adjusted net savings, excluding particulate emission damage (% of GNI)",NY.ADJ.SVNX.GN.ZS,3.85398528,3.762435622,5.222924135,5.009236004,6.437577251,10.5616656,9.776451216,9.475605088,9.204760485,8.540969808
Denmark,DNK,"Adjusted net savings, excluding particulate emission damage (% of GNI)",NY.ADJ.SVNX.GN.ZS,13.15682513,14.22961149,12.72990622,16.18749231,17.48757483,18.13205204,19.17599927,19.16683491,19.22751228,21.19039999
Djibouti,DJI,"Adjusted net savings, excluding particulate emission damage (% of GNI)",NY.ADJ.SVNX.GN.ZS,..,..,..,15.33469672,21.31138663,25.5469536,21.31015808,16.86247836,21.16194575,..
Dominica,DMA,"Adjusted net savings, excluding particulate emission damage (% of GNI)",NY.ADJ.SVNX.GN.ZS,..,..,..,..,..,..,..,..,..,..
Dominican Republic,DOM,"Adjusted net savings, excluding particulate emission damage (% of GNI)",NY.ADJ.SVNX.GN.ZS,15.44523379,14.063083,14.49955342,15.09420339,16.40404188,18.63535627,18.55228374,18.56513623,19.52027573,20.18180563
Early-demographic dividend,EAR,"Adjusted net savings, excluding particulate emission damage (% of GNI)",NY.ADJ.SVNX.GN.ZS,15.19042274,14.93049264,14.10776166,13.22320348,13.0312493,12.68201868,13.05764338,13.61120467,13.69690417,13.78406889
East Asia & Pacific,EAS,"Adjusted net savings, excluding particulate emission damage (% of GNI)",NY.ADJ.SVNX.GN.ZS,16.90196817,15.40757087,16.27126962,17.15000019,17.8776235,18.31692855,18.2651431,19.48083671,19.05605439,20.90899245
East Asia & Pacific (excluding high income),EAP,"Adjusted net savings, excluding particulate emission damage (% of GNI)",NY.ADJ.SVNX.GN.ZS,27.15167378,23.78653703,24.69590696,24.09097827,24.41339288,23.44122992,23.49919616,24.64793912,23.99736688,23.17436965
East Asia & Pacific (IDA & IBRD countries),TEA,"Adjusted net savings, excluding particulate emission damage (% of GNI)",NY.ADJ.SVNX.GN.ZS,27.15115585,23.78615835,24.69551372,24.09061298,24.41304154,23.44096601,23.49892482,24.64754148,23.99759667,23.17460663
Ecuador,ECU,"Adjusted net savings, excluding particulate emission damage (% of GNI)",NY.ADJ.SVNX.GN.ZS,8.471668075,9.613299255,10.97006504,11.36058689,10.97726484,9.600856373,10.46341175,9.509653699,6.707795242,5.913185129
"Egypt, Arab Rep.",EGY,"Adjusted net savings, excluding particulate emission damage (% of GNI)",NY.ADJ.SVNX.GN.ZS,6.923386084,4.063295121,2.294312498,3.73436662,2.859397073,3.672594246,3.308456408,0.777406276,3.389597352,5.714784583
El Salvador,SLV,"Adjusted net savings, excluding particulate emission damage (% of GNI)",NY.ADJ.SVNX.GN.ZS,5.653548361,5.238607481,3.991860374,1.047542789,2.439922059,2.911150582,3.772049356,4.400915748,3.975768529,5.631419992
Equatorial Guinea,GNQ,"Adjusted net savings, excluding particulate emission damage (% of GNI)",NY.ADJ.SVNX.GN.ZS,..,..,..,..,..,..,..,..,..,..
Eritrea,ERI,"Adjusted net savings, excluding particulate emission damage (% of GNI)",NY.ADJ.SVNX.GN.ZS,..,..,..,..,..,..,..,..,..,..
Estonia,EST,"Adjusted net savings, excluding particulate emission damage (% of GNI)",NY.ADJ.SVNX.GN.ZS,8.449792925,12.59841217,12.97629252,12.2889633,14.19175265,12.27989652,12.53659177,14.77005329,15.26495657,15.76433401
Eswatini,SWZ,"Adjusted net savings, excluding particulate emission damage (% of GNI)",NY.ADJ.SVNX.GN.ZS,0.675133585,-3.426597725,10.20397997,14.55686813,15.16940898,13.97811416,10.1587805,7.472160944,7.48955021,7.37927193
Ethiopia,ETH,"Adjusted net savings, excluding particulate emission damage (% of GNI)",NY.ADJ.SVNX.GN.ZS,..,10.34262034,9.511058322,6.576428615,11.77307244,10.33042053,13.28740688,14.36664365,20.82264311,..
Euro area,EMU,"Adjusted net savings, excluding particulate emission damage (% of GNI)",NY.ADJ.SVNX.GN.ZS,8.219776566,8.974958097,8.459405368,8.533013724,9.251673756,9.908334204,10.38398736,10.93639625,11.11100668,11.09750689
Europe & Central Asia,ECS,"Adjusted net savings, excluding particulate emission damage (% of GNI)",NY.ADJ.SVNX.GN.ZS,8.263707394,9.107558988,8.563579361,8.396432241,9.003985194,9.611857171,9.585620814,10.15665932,10.49155264,10.36131246
Europe & Central Asia (excluding high income),ECA,"Adjusted net savings, excluding particulate emission damage (% of GNI)",NY.ADJ.SVNX.GN.ZS,8.000150882,10.21014868,9.463096179,8.034934305,8.377081738,9.329520975,7.978916569,8.721233696,10.38520413,8.889897245
Europe & Central Asia (IDA & IBRD countries),TEC,"Adjusted net savings, excluding particulate emission damage (% of GNI)",NY.ADJ.SVNX.GN.ZS,7.699813363,9.703351398,9.015654266,7.979847181,8.371169202,9.413600897,8.080639525,8.737977082,9.898195551,9.082719763
European Union,EUU,"Adjusted net savings, excluding particulate emission damage (% of GNI)",NY.ADJ.SVNX.GN.ZS,8.500610353,9.252009809,8.742902637,8.975025361,9.684605094,10.40344872,10.76587777,11.28182428,11.38719753,11.52762041
Faroe Islands,FRO,"Adjusted net savings, excluding particulate emission damage (% of GNI)",NY.ADJ.SVNX.GN.ZS,..,..,..,..,..,..,..,..,..,..
Fiji,FJI,"Adjusted net savings, excluding particulate emission damage (% of GNI)",NY.ADJ.SVNX.GN.ZS,9.638105099,7.374893451,7.250704546,10.10356413,13.14449214,12.53552788,10.10888763,9.279389138,9.526499641,..
Finland,FIN,"Adjusted net savings, excluding particulate emission damage (% of GNI)",NY.ADJ.SVNX.GN.ZS,10.2715507,9.637567165,8.345026208,7.329934451,7.568668399,7.626953338,8.060242244,9.69733234,10.05706682,10.38370257
Fragile and conflict affected situations,FCS,"Adjusted net savings, excluding particulate emission damage (% of GNI)",NY.ADJ.SVNX.GN.ZS,15.12328722,14.06435396,15.20080031,7.684627343,6.705138405,3.455222442,1.537806463,2.535250683,2.318206786,2.967221828
France,FRA,"Adjusted net savings, excluding particulate emission damage (% of GNI)",NY.ADJ.SVNX.GN.ZS,7.950685412,8.748327371,7.957601159,7.806779796,7.969014169,8.814190923,8.464530125,9.075951757,9.190950678,9.200423814
French Polynesia,PYF,"Adjusted net savings, excluding particulate emission damage (% of GNI)",NY.ADJ.SVNX.GN.ZS,..,..,..,..,..,..,..,..,..,..
Gabon,GAB,"Adjusted net savings, excluding particulate emission damage (% of GNI)",NY.ADJ.SVNX.GN.ZS,8.533849632,8.11102099,8.413136057,8.530896923,14.33084971,19.75437416,..,..,..,..
"Gambia, The",GMB,"Adjusted net savings, excluding particulate emission damage (% of GNI)",NY.ADJ.SVNX.GN.ZS,-18.38747791,-14.64008904,-6.550672096,-16.1693326,-9.698555301,-4.910941613,-1.105471595,-4.453124233,-2.718269905,..
Georgia,GEO,"Adjusted net savings, excluding particulate emission damage (% of GNI)",NY.ADJ.SVNX.GN.ZS,-3.05810389,-3.708033372,0.847070331,1.997095251,1.946210102,-0.776097209,2.040746677,4.112606111,6.451187211,8.171772261
Germany,DEU,"Adjusted net savings, excluding particulate emission damage (% of GNI)",NY.ADJ.SVNX.GN.ZS,11.57373451,13.6521494,12.50226627,12.04118895,13.2774155,13.9088679,14.06973643,14.17892157,14.06657422,13.3700554
Ghana,GHA,"Adjusted net savings, excluding particulate emission damage (% of GNI)",NY.ADJ.SVNX.GN.ZS,-5.510442852,-7.466268985,-5.381785689,7.186552961,4.864368985,7.411558247,6.825846691,10.17076409,7.851930714,13.53285979
Gibraltar,GIB,"Adjusted net savings, excluding particulate emission damage (% of GNI)",NY.ADJ.SVNX.GN.ZS,..,..,..,..,..,..,..,..,..,..
Greece,GRC,"Adjusted net savings, excluding particulate emission damage (% of GNI)",NY.ADJ.SVNX.GN.ZS,-10.29373031,-13.05962221,-8.969006149,-6.801073847,-5.994233965,-5.624799617,-5.946053395,-5.101710132,-4.898669673,-3.236225326
Greenland,GRL,"Adjusted net savings, excluding particulate emission damage (% of GNI)",NY.ADJ.SVNX.GN.ZS,..,..,..,..,..,..,..,..,..,..
Grenada,GRD,"Adjusted net savings, excluding particulate emission damage (% of GNI)",NY.ADJ.SVNX.GN.ZS,..,..,..,..,..,..,..,..,..,..
Guam,GUM,"Adjusted net savings, excluding particulate emission damage (% of GNI)",NY.ADJ.SVNX.GN.ZS,..,..,..,..,..,..,..,..,..,..
Guatemala,GTM,"Adjusted net savings, excluding particulate emission damage (% of GNI)",NY.ADJ.SVNX.GN.ZS,0.270588095,0.098561929,1.140521559,-0.650273591,-0.61022768,2.513324054,2.316284974,2.166427489,3.105757651,5.815336724
Guinea,GIN,"Adjusted net savings, excluding particulate emission damage (% of GNI)",NY.ADJ.SVNX.GN.ZS,-6.158184185,-9.459145523,-7.64153563,-20.82431181,-17.49219839,-19.94484644,-15.18310401,-2.775682633,-12.26043465,-6.360917433
Guinea-Bissau,GNB,"Adjusted net savings, excluding particulate emission damage (% of GNI)",NY.ADJ.SVNX.GN.ZS,-8.657381591,5.515575721,-3.546615803,-5.041902581,6.038456211,4.936933305,2.969281228,3.80898364,3.971161968,..
Guyana,GUY,"Adjusted net savings, excluding particulate emission damage (% of GNI)",NY.ADJ.SVNX.GN.ZS,..,..,..,..,..,..,..,..,..,..
Haiti,HTI,"Adjusted net savings, excluding particulate emission damage (% of GNI)",NY.ADJ.SVNX.GN.ZS,18.64974336,14.3828372,9.91135686,7.062569901,5.293503683,8.771631045,5.952082678,5.264583948,7.005152127,10.6221809
Heavily indebted poor countries (HIPC),HPC,"Adjusted net savings, excluding particulate emission damage (% of GNI)",NY.ADJ.SVNX.GN.ZS,8.266329422,5.138093117,6.624886034,8.254486345,10.12451217,9.315919551,9.290051344,10.85918509,10.2421552,..
High income,HIC,"Adjusted net savings, excluding particulate emission damage (% of GNI)",NY.ADJ.SVNX.GN.ZS,6.819455862,7.648274795,8.068938839,8.346244254,8.937030289,9.073985001,8.552562001,8.970838103,8.899058834,8.256818909
Honduras,HND,"Adjusted net savings, excluding particulate emission damage (% of GNI)",NY.ADJ.SVNX.GN.ZS,15.1984462,17.73944876,15.533062,11.66963602,13.89352124,19.56931809,19.74379598,23.27756836,20.19129981,22.28754062
"Hong Kong SAR, China",HKG,"Adjusted net savings, excluding particulate emission damage (% of GNI)",NY.ADJ.SVNX.GN.ZS,..,..,..,..,..,..,..,..,..,..
Hungary,HUN,"Adjusted net savings, excluding particulate emission damage (% of GNI)",NY.ADJ.SVNX.GN.ZS,5.975448678,6.048055284,5.274004584,9.430283327,10.98563169,12.39776782,12.47457625,11.88213691,14.485549,15.26225708
IBRD only,IBD,"Adjusted net savings, excluding particulate emission damage (% of GNI)",NY.ADJ.SVNX.GN.ZS,18.14146627,16.90820706,17.07548838,16.42827745,16.80297952,17.43671949,17.24643311,17.90221663,17.72947805,17.14337006
Iceland,ISL,"Adjusted net savings, excluding particulate emission damage (% of GNI)",NY.ADJ.SVNX.GN.ZS,..,-4.550305391,-1.855409575,8.498350592,9.626727388,12.83038123,15.74561025,14.48106219,11.77651835,17.23663476
IDA & IBRD total,IBT,"Adjusted net savings, excluding particulate emission damage (% of GNI)",NY.ADJ.SVNX.GN.ZS,17.68513145,16.45256086,16.78046507,15.98024803,16.43072847,16.92640777,16.79073464,17.47864666,17.32900388,16.99244559
IDA blend,IDB,"Adjusted net savings, excluding particulate emission damage (% of GNI)",NY.ADJ.SVNX.GN.ZS,6.037341663,5.188484742,10.33788147,3.663097835,7.308195456,5.507318213,5.019025871,4.339613855,3.575860352,5.850492535
IDA only,IDX,"Adjusted net savings, excluding particulate emission damage (% of GNI)",NY.ADJ.SVNX.GN.ZS,14.12775199,12.48785657,13.34020336,13.95351258,15.00333114,14.64252499,15.56363313,16.84200187,16.78683138,..
IDA total,IDA,"Adjusted net savings, excluding particulate emission damage (% of GNI)",NY.ADJ.SVNX.GN.ZS,10.11074619,8.829773996,11.81005713,8.717036026,11.0079389,10.01982704,10.43111837,11.01935774,10.6783587,12.9045729
India,IND,"Adjusted net savings, excluding particulate emission damage (% of GNI)",NY.ADJ.SVNX.GN.ZS,23.96105125,22.3597406,22.55648981,21.75791085,20.90314492,20.53682243,19.30107276,19.88616327,19.09267651,16.16833557
Indonesia,IDN,"Adjusted net savings, excluding particulate emission damage (% of GNI)",NY.ADJ.SVNX.GN.ZS,11.4592241,11.5229386,11.32974606,11.23264243,11.10148128,11.79867101,13.6911197,14.72010401,15.33350602,14.76238
"Iran, Islamic Rep.",IRN,"Adjusted net savings, excluding particulate emission damage (% of GNI)",NY.ADJ.SVNX.GN.ZS,..,..,..,..,..,..,..,..,..,..
Iraq,IRQ,"Adjusted net savings, excluding particulate emission damage (% of GNI)",NY.ADJ.SVNX.GN.ZS,17.15399126,23.42108597,21.49194846,8.957959262,8.28924526,0.341396954,-5.783463427,-1.510535632,-2.645784004,-9.173164383
Ireland,IRL,"Adjusted net savings, excluding particulate emission damage (% of GNI)",NY.ADJ.SVNX.GN.ZS,8.765945101,8.267008272,8.015330465,12.39482105,15.84263612,15.54764296,16.44693069,15.45015975,15.4504661,17.81867369
Isle of Man,IMN,"Adjusted net savings, excluding particulate emission damage (% of GNI)",NY.ADJ.SVNX.GN.ZS,..,..,..,..,..,..,..,..,..,..
Israel,ISR,"Adjusted net savings, excluding particulate emission damage (% of GNI)",NY.ADJ.SVNX.GN.ZS,13.39087517,13.78748644,12.73488067,14.62720505,16.244558,16.84656249,16.40554395,16.29209949,15.81888272,16.47457062
Italy,ITA,"Adjusted net savings, excluding particulate emission damage (% of GNI)",NY.ADJ.SVNX.GN.ZS,3.198656428,3.230024069,2.454676028,2.935705699,3.8735397,3.555688621,5.388328482,6.212665803,6.648679126,6.587672424
Jamaica,JAM,"Adjusted net savings, excluding particulate emission damage (% of GNI)",NY.ADJ.SVNX.GN.ZS,10.00422065,5.302654591,7.831659338,8.400811433,10.62218114,14.19351167,17.10370141,17.51356802,18.48958301,18.73546995
Japan,JPN,"Adjusted net savings, excluding particulate emission damage (% of GNI)",NY.ADJ.SVNX.GN.ZS,3.800228315,2.965148316,2.893715377,3.321305603,3.715541956,6.270073963,6.76343965,7.56631619,6.93122651,..
Jordan,JOR,"Adjusted net savings, excluding particulate emission damage (% of GNI)",NY.ADJ.SVNX.GN.ZS,17.4313423,11.28383489,4.674773625,7.37226095,9.644052439,6.693009953,4.167731526,3.039533907,6.050277158,9.864020056
Kazakhstan,KAZ,"Adjusted net savings, excluding particulate emission damage (% of GNI)",NY.ADJ.SVNX.GN.ZS,5.335126657,8.673547123,7.580545952,8.163023012,9.732048797,9.521003207,5.030278605,6.153105515,3.876817933,5.347913781
Kenya,KEN,"Adjusted net savings, excluding particulate emission damage (% of GNI)",NY.ADJ.SVNX.GN.ZS,3.471225803,3.372923432,2.973239444,0.446800992,-0.4231794,0.569653966,1.610629823,-2.724581438,-3.048356671,-4.06109056
Kiribati,KIR,"Adjusted net savings, excluding particulate emission damage (% of GNI)",NY.ADJ.SVNX.GN.ZS,10.17034388,6.839846675,18.02912317,17.79938211,34.51360001,38.87812323,27.4056338,37.42822377,36.22087435,..
"Korea, Dem. People's Rep.",PRK,"Adjusted net savings, excluding particulate emission damage (% of GNI)",NY.ADJ.SVNX.GN.ZS,..,..,..,..,..,..,..,..,..,..
"Korea, Rep.",KOR,"Adjusted net savings, excluding particulate emission damage (% of GNI)",NY.ADJ.SVNX.GN.ZS,19.5620157,18.7609232,18.21739392,19.0406905,19.28864773,20.84115549,21.33287807,21.6152067,20.03680081,17.7729959
Kosovo,XKX,"Adjusted net savings, excluding particulate emission damage (% of GNI)",NY.ADJ.SVNX.GN.ZS,..,..,..,..,..,..,..,..,..,..
Kuwait,KWT,"Adjusted net savings, excluding particulate emission damage (% of GNI)",NY.ADJ.SVNX.GN.ZS,32.57244368,37.2361862,37.47113053,35.31741193,30.85645808,13.05867902,8.107181779,16.84038541,20.578756,..
Kyrgyz Republic,KGZ,"Adjusted net savings, excluding particulate emission damage (% of GNI)",NY.ADJ.SVNX.GN.ZS,4.854382885,4.512357894,1.650020332,-7.579404183,-7.895799178,-8.934082536,7.415424522,9.150788591,11.85376764,7.961528632
Lao PDR,LAO,"Adjusted net savings, excluding particulate emission damage (% of GNI)",NY.ADJ.SVNX.GN.ZS,-11.64902877,-1.130770688,-10.44753418,-9.546364785,-3.271279032,-4.555762918,0.578820457,..,..,..
Late-demographic dividend,LTE,"Adjusted net savings, excluding particulate emission damage (% of GNI)",NY.ADJ.SVNX.GN.ZS,20.28314006,18.97238358,19.60882609,19.1742475,19.53650694,19.78389231,19.52414823,20.25835775,20.02908253,19.48028127
Latin America & Caribbean,LCN,"Adjusted net savings, excluding particulate emission damage (% of GNI)",NY.ADJ.SVNX.GN.ZS,11.89568426,11.22112157,10.44022447,9.526388183,8.837949718,9.22779207,8.85879151,8.375463665,7.322782309,7.762916525
Latin America & Caribbean (excluding high income),LAC,"Adjusted net savings, excluding particulate emission damage (% of GNI)",NY.ADJ.SVNX.GN.ZS,12.11679011,11.43658111,10.55981471,9.581412487,8.797470168,9.025453429,8.807531439,8.409117459,7.404331685,7.706570973
Latin America & the Caribbean (IDA & IBRD countries),TLA,"Adjusted net savings, excluding particulate emission damage (% of GNI)",NY.ADJ.SVNX.GN.ZS,11.817951,11.14132044,10.34214821,9.416479704,8.744631656,9.098210026,8.702268666,8.405377808,7.330376251,7.751796782
Latvia,LVA,"Adjusted net savings, excluding particulate emission damage (% of GNI)",NY.ADJ.SVNX.GN.ZS,0.57190336,2.70223169,4.007702262,3.68482162,1.810844032,3.196241367,3.246583579,4.240880834,5.208358146,3.489009895
Least developed countries: UN classification,LDC,"Adjusted net savings, excluding particulate emission damage (% of GNI)",NY.ADJ.SVNX.GN.ZS,14.36703202,12.70566809,13.57462216,13.35166907,14.24414573,14.06561426,15.14171837,15.48848754,15.61399491,..
Lebanon,LBN,"Adjusted net savings, excluding particulate emission damage (% of GNI)",NY.ADJ.SVNX.GN.ZS,-11.48844712,-15.91135481,-21.21549169,-20.62242615,-21.62273713,-15.38204947,-15.3394683,-18.28157668,-21.99768574,-23.02906187
Lesotho,LSO,"Adjusted net savings, excluding particulate emission damage (% of GNI)",NY.ADJ.SVNX.GN.ZS,14.93337053,9.547231634,8.312535371,14.97751214,19.34812747,15.18130023,3.33340519,5.201011323,9.947512468,10.06733777
Liberia,LBR,"Adjusted net savings, excluding particulate emission damage (% of GNI)",NY.ADJ.SVNX.GN.ZS,-46.80438281,-42.0544961,-49.18725968,-59.66336227,-72.16201579,-58.33783478,-70.32411752,-83.82925662,-92.99406785,-74.08896404
Libya,LBY,"Adjusted net savings, excluding particulate emission damage (% of GNI)",NY.ADJ.SVNX.GN.ZS,..,..,..,..,..,..,..,..,..,..
Liechtenstein,LIE,"Adjusted net savings, excluding particulate emission damage (% of GNI)",NY.ADJ.SVNX.GN.ZS,..,..,..,..,..,..,..,..,..,..
Lithuania,LTU,"Adjusted net savings, excluding particulate emission damage (% of GNI)",NY.ADJ.SVNX.GN.ZS,7.796213349,8.787189496,8.356152785,11.32524299,12.9974048,8.371369768,7.736755014,10.01186207,11.15191126,11.69400438
Low & middle income,LMY,"Adjusted net savings, excluding particulate emission damage (% of GNI)",NY.ADJ.SVNX.GN.ZS,18.25319237,16.90901202,17.22435093,16.35799274,16.78563318,17.22857606,17.15822102,17.83332855,17.73460105,17.31603679
Low income,LIC,"Adjusted net savings, excluding particulate emission damage (% of GNI)",NY.ADJ.SVNX.GN.ZS,7.17943405,4.107588767,4.114371548,4.308011015,7.312160292,6.479753732,7.180823362,9.215828012,10.53677744,..
Lower middle income,LMC,"Adjusted net savings, excluding particulate emission damage (% of GNI)",NY.ADJ.SVNX.GN.ZS,17.6629174,15.96294925,16.81654484,15.12882847,15.74342202,15.45938266,15.34874762,15.80648024,15.04156418,14.16626206
Luxembourg,LUX,"Adjusted net savings, excluding particulate emission damage (% of GNI)",NY.ADJ.SVNX.GN.ZS,19.26646557,17.21779462,14.21360173,13.91911748,15.56446318,16.3918616,15.78018654,12.69696916,12.58770936,12.67483645
"Macao SAR, China",MAC,"Adjusted net savings, excluding particulate emission damage (% of GNI)",NY.ADJ.SVNX.GN.ZS,..,..,..,..,..,..,..,..,..,..
Madagascar,MDG,"Adjusted net savings, excluding particulate emission damage (% of GNI)",NY.ADJ.SVNX.GN.ZS,4.560175118,3.77510674,0.81922827,-3.307260902,3.91916232,3.020464711,6.59145681,6.339362277,9.283941994,8.380398842
Malawi,MWI,"Adjusted net savings, excluding particulate emission damage (% of GNI)",NY.ADJ.SVNX.GN.ZS,3.869373691,-2.353480098,-13.43652114,1.080349871,1.495166772,-2.601908382,-7.729174124,-1.57689993,1.919079817,5.433353578
Malaysia,MYS,"Adjusted net savings, excluding particulate emission damage (% of GNI)",NY.ADJ.SVNX.GN.ZS,12.98363923,14.33397089,11.10952598,9.961154659,8.105681737,6.134656081,6.028459192,5.046193769,0.97263876,-0.081758039
Maldives,MDV,"Adjusted net savings, excluding particulate emission damage (% of GNI)",NY.ADJ.SVNX.GN.ZS,..,..,..,..,20.21543785,18.14016127,8.462527153,13.5780016,12.56632325,11.36019263
Mali,MLI,"Adjusted net savings, excluding particulate emission damage (% of GNI)",NY.ADJ.SVNX.GN.ZS,4.069398229,4.941055612,3.796286594,5.69447407,7.685196552,6.76178699,7.746389426,7.159662192,7.790589194,..
Malta,MLT,"Adjusted net savings, excluding particulate emission damage (% of GNI)",NY.ADJ.SVNX.GN.ZS,..,..,..,..,..,..,..,..,..,..
Marshall Islands,MHL,"Adjusted net savings, excluding particulate emission damage (% of GNI)",NY.ADJ.SVNX.GN.ZS,..,..,..,..,..,..,..,..,..,..
Mauritania,MRT,"Adjusted net savings, excluding particulate emission damage (% of GNI)",NY.ADJ.SVNX.GN.ZS,..,..,20.36702422,21.57927725,8.682188634,9.590577383,16.11666345,18.11123775,18.50155513,20.03565783
Mauritius,MUS,"Adjusted net savings, excluding particulate emission damage (% of GNI)",NY.ADJ.SVNX.GN.ZS,0.328330013,-2.01704732,1.989491352,3.903739197,3.669108714,4.639322629,6.283930329,7.831883703,8.329612569,8.778211643
Mexico,MEX,"Adjusted net savings, excluding particulate emission damage (% of GNI)",NY.ADJ.SVNX.GN.ZS,7.938790128,6.668873706,6.087905608,3.339932855,6.073480223,7.616638933,7.265549855,7.217724878,7.038092479,7.575895255
"Micronesia, Fed. Sts.",FSM,"Adjusted net savings, excluding particulate emission damage (% of GNI)",NY.ADJ.SVNX.GN.ZS,..,..,..,..,..,..,..,..,..,..
Middle East & North Africa,MEA,"Adjusted net savings, excluding particulate emission damage (% of GNI)",NY.ADJ.SVNX.GN.ZS,..,22.69031614,20.76169682,18.38796015,16.17585049,9.427030348,9.767073547,11.86879277,13.01129272,13.61240525
Middle East & North Africa (excluding high income),MNA,"Adjusted net savings, excluding particulate emission damage (% of GNI)",NY.ADJ.SVNX.GN.ZS,..,..,..,..,..,..,..,..,..,5.062222472
Middle East & North Africa (IDA & IBRD countries),TMN,"Adjusted net savings, excluding particulate emission damage (% of GNI)",NY.ADJ.SVNX.GN.ZS,..,..,..,..,..,..,..,..,..,5.062222472
Middle income,MIC,"Adjusted net savings, excluding particulate emission damage (% of GNI)",NY.ADJ.SVNX.GN.ZS,18.35307802,17.04997468,17.36281328,16.48428249,16.89378336,17.36324665,17.27438558,17.92862854,17.80686348,17.31552161
Moldova,MDA,"Adjusted net savings, excluding particulate emission damage (% of GNI)",NY.ADJ.SVNX.GN.ZS,9.315477325,8.235295743,11.23749093,12.82725182,12.53385642,4.466576405,8.323256821,7.266665469,4.777984919,6.090365
Monaco,MCO,"Adjusted net savings, excluding particulate emission damage (% of GNI)",NY.ADJ.SVNX.GN.ZS,..,..,..,..,..,..,..,..,..,..
Mongolia,MNG,"Adjusted net savings, excluding particulate emission damage (% of GNI)",NY.ADJ.SVNX.GN.ZS,3.917452095,5.511183362,8.695329266,5.798883691,4.945900117,5.031858982,7.165504148,-0.97386356,1.866948162,1.804384401
Montenegro,MNE,"Adjusted net savings, excluding particulate emission damage (% of GNI)",NY.ADJ.SVNX.GN.ZS,..,..,..,..,..,..,..,..,..,..
Morocco,MAR,"Adjusted net savings, excluding particulate emission damage (% of GNI)",NY.ADJ.SVNX.GN.ZS,21.93886076,20.42273887,17.51379808,19.48815477,18.75928776,20.77947818,20.21260548,21.04720862,19.78975665,19.85196073
Mozambique,MOZ,"Adjusted net savings, excluding particulate emission damage (% of GNI)",NY.ADJ.SVNX.GN.ZS,1.860035848,1.427455431,-2.266796,-1.873026471,-4.169998573,-2.802129568,-6.621516776,-6.025390539,-4.94854366,-2.259896349
Myanmar,MMR,"Adjusted net savings, excluding particulate emission damage (% of GNI)",NY.ADJ.SVNX.GN.ZS,29.50797074,32.96381891,30.19137401,28.49506017,25.57882979,18.93067926,20.78408605,20.24728909,23.25483421,..
Namibia,NAM,"Adjusted net savings, excluding particulate emission damage (% of GNI)",NY.ADJ.SVNX.GN.ZS,14.94408036,9.186616936,8.833541968,10.9528833,13.21598289,6.295694179,-5.864005616,1.89201544,1.248106638,-2.49337247
Nauru,NRU,"Adjusted net savings, excluding particulate emission damage (% of GNI)",NY.ADJ.SVNX.GN.ZS,..,..,..,..,..,..,..,..,..,..
Nepal,NPL,"Adjusted net savings, excluding particulate emission damage (% of GNI)",NY.ADJ.SVNX.GN.ZS,33.81891482,35.62832662,36.45829953,39.70257618,42.08199606,41.48522591,34.76856396,41.73321261,43.03196619,42.9058157
Netherlands,NLD,"Adjusted net savings, excluding particulate emission damage (% of GNI)",NY.ADJ.SVNX.GN.ZS,13.57840461,14.96995922,15.48614171,14.01249934,13.69184248,15.62166272,16.04525276,18.4164829,18.65055932,18.27366855
New Caledonia,NCL,"Adjusted net savings, excluding particulate emission damage (% of GNI)",NY.ADJ.SVNX.GN.ZS,..,..,..,..,..,..,..,..,..,..
New Zealand,NZL,"Adjusted net savings, excluding particulate emission damage (% of GNI)",NY.ADJ.SVNX.GN.ZS,8.153076179,8.697566583,8.948263674,12.03863547,12.04285774,12.99936083,13.31867624,13.8652899,13.66084626,..
Nicaragua,NIC,"Adjusted net savings, excluding particulate emission damage (% of GNI)",NY.ADJ.SVNX.GN.ZS,11.14139425,13.89611888,14.24800455,13.09839749,16.14379225,19.47903913,18.17316653,18.48235976,18.31522553,19.17241796
Niger,NER,"Adjusted net savings, excluding particulate emission damage (% of GNI)",NY.ADJ.SVNX.GN.ZS,17.39222161,14.16050175,13.78898051,14.47896243,14.97481499,12.58200938,10.7508792,8.245166655,12.79246125,15.30536109
Nigeria,NGA,"Adjusted net savings, excluding particulate emission damage (% of GNI)",NY.ADJ.SVNX.GN.ZS,6.291572738,4.886495856,14.70072884,1.73896353,5.78232198,2.362713278,1.163061169,2.114544279,1.828144074,6.223667483
North America,NAC,"Adjusted net savings, excluding particulate emission damage (% of GNI)",NY.ADJ.SVNX.GN.ZS,3.434765582,4.639395197,6.344675052,6.592096922,7.583058771,7.493082998,6.01694939,6.000380433,5.863114644,5.903880142
North Macedonia,MKD,"Adjusted net savings, excluding particulate emission damage (% of GNI)",NY.ADJ.SVNX.GN.ZS,2.828950913,6.085997246,6.839372746,9.651049782,12.18473036,11.72285366,15.16171845,15.74977023,19.51264119,18.57054128
Northern Mariana Islands,MNP,"Adjusted net savings, excluding particulate emission damage (% of GNI)",NY.ADJ.SVNX.GN.ZS,..,..,..,..,..,..,..,..,..,..
Norway,NOR,"Adjusted net savings, excluding particulate emission damage (% of GNI)",NY.ADJ.SVNX.GN.ZS,19.244454,19.60234018,21.62725597,21.64406166,21.77907726,19.09917927,17.18157178,17.20878629,18.05177945,15.49328966
Not classified,INX,"Adjusted net savings, excluding particulate emission damage (% of GNI)",NY.ADJ.SVNX.GN.ZS,..,..,..,..,..,..,..,..,..,..
OECD members,OED,"Adjusted net savings, excluding particulate emission damage (% of GNI)",NY.ADJ.SVNX.GN.ZS,6.217365587,6.83834023,7.227563239,7.504602473,8.276932339,8.746147237,8.167399582,8.492924674,8.410223977,7.746106035
Oman,OMN,"Adjusted net savings, excluding particulate emission damage (% of GNI)",NY.ADJ.SVNX.GN.ZS,-5.326996842,-13.55505304,-10.48801617,-11.73467955,-15.38666147,-17.14761412,-19.04920836,-16.87234022,-12.07808269,-16.1509552
Other small states,OSS,"Adjusted net savings, excluding particulate emission damage (% of GNI)",NY.ADJ.SVNX.GN.ZS,..,19.96639291,22.14728693,21.9809632,21.80906567,17.44187262,16.01056075,17.32144038,18.10222896,16.88166065
Pacific island small states,PSS,"Adjusted net savings, excluding particulate emission damage (% of GNI)",NY.ADJ.SVNX.GN.ZS,11.75429979,10.55262991,10.54971879,..,17.69008358,..,..,..,..,..
Pakistan,PAK,"Adjusted net savings, excluding particulate emission damage (% of GNI)",NY.ADJ.SVNX.GN.ZS,7.083024744,7.191338451,6.008861907,7.364679959,8.155935369,9.519292302,8.872887994,6.835303093,5.601190547,5.535849999
Palau,PLW,"Adjusted net savings, excluding particulate emission damage (% of GNI)",NY.ADJ.SVNX.GN.ZS,..,..,..,..,..,..,..,..,..,..
Panama,PAN,"Adjusted net savings, excluding particulate emission damage (% of GNI)",NY.ADJ.SVNX.GN.ZS,20.12724505,25.09157821,27.9109309,28.66228881,26.17785416,29.50379704,27.33584209,28.49612328,24.97298386,24.45404477
Papua New Guinea,PNG,"Adjusted net savings, excluding particulate emission damage (% of GNI)",NY.ADJ.SVNX.GN.ZS,..,..,..,..,..,..,..,..,..,..
Paraguay,PRY,"Adjusted net savings, excluding particulate emission damage (% of GNI)",NY.ADJ.SVNX.GN.ZS,18.89868152,20.9057345,15.43575862,20.23369658,19.32139575,18.67492401,20.91108053,21.82785905,19.86763584,17.87154677
Peru,PER,"Adjusted net savings, excluding particulate emission damage (% of GNI)",NY.ADJ.SVNX.GN.ZS,14.03201546,14.63687333,13.70563194,14.16692051,13.52315885,12.6349811,11.10195182,10.14186971,9.818295955,11.85652461
Philippines,PHL,"Adjusted net savings, excluding particulate emission damage (% of GNI)",NY.ADJ.SVNX.GN.ZS,25.17099043,22.68527616,22.42834608,23.57065108,24.1851329,23.65506056,23.46812133,23.75322564,22.09519905,19.69350106
Poland,POL,"Adjusted net savings, excluding particulate emission damage (% of GNI)",NY.ADJ.SVNX.GN.ZS,7.282518487,8.923991659,8.317750212,8.485115963,9.169721577,10.58732373,9.777606635,10.42741514,10.44493812,11.1760718
Portugal,PRT,"Adjusted net savings, excluding particulate emission damage (% of GNI)",NY.ADJ.SVNX.GN.ZS,-1.762709425,0.18727827,-0.408737117,2.700693695,1.867119273,2.25808224,3.053342167,4.82079926,4.872276192,5.374876998
Post-demographic dividend,PST,"Adjusted net savings, excluding particulate emission damage (% of GNI)",NY.ADJ.SVNX.GN.ZS,6.352589848,6.998004395,7.405811778,7.695402634,8.387741109,8.792899265,8.230146527,8.568597038,8.462538775,7.670785736
Pre-demographic dividend,PRE,"Adjusted net savings, excluding particulate emission damage (% of GNI)",NY.ADJ.SVNX.GN.ZS,7.968520012,7.025572407,11.39117611,4.608499663,6.755665063,4.521676037,3.161776565,3.909560256,2.424775231,3.838505189
Puerto Rico,PRI,"Adjusted net savings, excluding particulate emission damage (% of GNI)",NY.ADJ.SVNX.GN.ZS,..,..,..,..,..,..,..,..,..,..
Qatar,QAT,"Adjusted net savings, excluding particulate emission damage (% of GNI)",NY.ADJ.SVNX.GN.ZS,..,32.2316621,33.81415824,32.58480759,31.13463923,23.17786044,21.24375336,23.05659144,25.76015961,21.11114359
Romania,ROU,"Adjusted net savings, excluding particulate emission damage (% of GNI)",NY.ADJ.SVNX.GN.ZS,5.259792352,4.407453875,3.470024368,6.671998802,6.894725576,7.375745292,4.884533184,4.029032175,1.817527812,5.699069956
Russian Federation,RUS,"Adjusted net savings, excluding particulate emission damage (% of GNI)",NY.ADJ.SVNX.GN.ZS,8.93018498,11.61539096,10.20605129,7.37540085,6.902063879,7.942981139,5.880573352,7.106212341,9.829131091,8.155949218
Rwanda,RWA,"Adjusted net savings, excluding particulate emission damage (% of GNI)",NY.ADJ.SVNX.GN.ZS,-0.093729251,3.164567621,-0.469932376,2.447219596,-2.591812711,-4.844658778,-3.720051595,0.197240984,-1.121518355,2.125829374
Samoa,WSM,"Adjusted net savings, excluding particulate emission damage (% of GNI)",NY.ADJ.SVNX.GN.ZS,..,..,..,..,..,..,..,..,..,..
San Marino,SMR,"Adjusted net savings, excluding particulate emission damage (% of GNI)",NY.ADJ.SVNX.GN.ZS,..,..,..,..,..,..,..,..,..,..
Sao Tome and Principe,STP,"Adjusted net savings, excluding particulate emission damage (% of GNI)",NY.ADJ.SVNX.GN.ZS,..,..,..,..,..,..,..,..,..,..
Saudi Arabia,SAU,"Adjusted net savings, excluding particulate emission damage (% of GNI)",NY.ADJ.SVNX.GN.ZS,26.48900965,31.60638237,29.78047804,25.68016921,20.80996036,8.638486346,12.98163194,15.55350061,17.73122545,19.4711791
Senegal,SEN,"Adjusted net savings, excluding particulate emission damage (% of GNI)",NY.ADJ.SVNX.GN.ZS,9.195612561,5.808329235,7.750117851,8.313461098,11.71089821,13.2111905,13.83242846,16.07184102,16.30454366,..
Serbia,SRB,"Adjusted net savings, excluding particulate emission damage (% of GNI)",NY.ADJ.SVNX.GN.ZS,-1.260034725,-3.161434991,-5.078552029,-1.732409488,-2.206080245,-0.104905819,-0.483934447,-1.567732589,2.074193353,1.507997491
Seychelles,SYC,"Adjusted net savings, excluding particulate emission damage (% of GNI)",NY.ADJ.SVNX.GN.ZS,8.402030325,-1.430404441,1.140306447,14.4198191,9.10774978,8.321179616,4.4067904,3.67292608,3.300612702,2.556659299
Sierra Leone,SLE,"Adjusted net savings, excluding particulate emission damage (% of GNI)",NY.ADJ.SVNX.GN.ZS,13.70264201,-6.821792645,2.678148599,-19.05962868,9.077993438,-8.317473822,-24.5338423,-10.37231909,-18.4749887,-11.45803143
Singapore,SGP,"Adjusted net savings, excluding particulate emission damage (% of GNI)",NY.ADJ.SVNX.GN.ZS,39.9173988,39.1040852,37.58543198,35.47888684,36.58513705,33.08158306,33.70059691,35.00406326,33.51851258,31.09129025
Sint Maarten (Dutch part),SXM,"Adjusted net savings, excluding particulate emission damage (% of GNI)",NY.ADJ.SVNX.GN.ZS,..,..,..,..,..,..,..,..,..,..
Slovak Republic,SVK,"Adjusted net savings, excluding particulate emission damage (% of GNI)",NY.ADJ.SVNX.GN.ZS,4.763865127,6.131190813,8.084866507,8.58277714,9.094568942,9.0675092,6.97710646,7.053022416,8.163391382,6.887333582
Slovenia,SVN,"Adjusted net savings, excluding particulate emission damage (% of GNI)",NY.ADJ.SVNX.GN.ZS,6.321085579,5.868569567,3.624243182,4.658470235,7.583658684,6.204491436,6.784663899,10.87248773,12.16733104,11.71474903
Small states,SST,"Adjusted net savings, excluding particulate emission damage (% of GNI)",NY.ADJ.SVNX.GN.ZS,..,18.39244561,20.43299363,20.63384059,20.99630505,17.15992885,15.67173323,16.99993488,17.77677129,17.32880295
Solomon Islands,SLB,"Adjusted net savings, excluding particulate emission damage (% of GNI)",NY.ADJ.SVNX.GN.ZS,..,..,..,..,..,..,..,..,..,..
Somalia,SOM,"Adjusted net savings, excluding particulate emission damage (% of GNI)",NY.ADJ.SVNX.GN.ZS,..,..,..,..,..,..,..,..,..,..
South Africa,ZAF,"Adjusted net savings, excluding particulate emission damage (% of GNI)",NY.ADJ.SVNX.GN.ZS,3.134544023,3.112801273,1.292693141,0.453786038,0.911681426,2.194075302,0.652776751,1.700249594,0.271589082,-0.288157316
South Asia,SAS,"Adjusted net savings, excluding particulate emission damage (% of GNI)",NY.ADJ.SVNX.GN.ZS,22.95559487,21.4168601,21.83112463,21.05204557,20.58163058,20.14469493,19.17046748,19.38851971,18.41465246,16.52823154
South Asia (IDA & IBRD),TSA,"Adjusted net savings, excluding particulate emission damage (% of GNI)",NY.ADJ.SVNX.GN.ZS,22.95559487,21.4168601,21.83112463,21.05204557,20.58163058,20.14469493,19.17046748,19.38851971,18.41465246,16.52823154
South Sudan,SSD,"Adjusted net savings, excluding particulate emission damage (% of GNI)",NY.ADJ.SVNX.GN.ZS,..,..,..,..,-8.602540184,-6.872866177,..,..,..,..
Spain,ESP,"Adjusted net savings, excluding particulate emission damage (% of GNI)",NY.ADJ.SVNX.GN.ZS,7.48262967,6.303440599,6.016668163,6.886646356,7.162229971,8.684352416,9.72301867,10.1467719,10.42993371,10.79740974
Sri Lanka,LKA,"Adjusted net savings, excluding particulate emission damage (% of GNI)",NY.ADJ.SVNX.GN.ZS,23.61209515,20.98270504,27.92610916,24.10554108,23.77350293,23.31933249,20.75629608,23.44023092,21.15180912,18.93176203
St. Kitts and Nevis,KNA,"Adjusted net savings, excluding particulate emission damage (% of GNI)",NY.ADJ.SVNX.GN.ZS,..,..,..,..,..,..,..,..,..,..
St. Lucia,LCA,"Adjusted net savings, excluding particulate emission damage (% of GNI)",NY.ADJ.SVNX.GN.ZS,..,..,..,..,..,..,..,..,..,..
St. Martin (French part),MAF,"Adjusted net savings, excluding particulate emission damage (% of GNI)",NY.ADJ.SVNX.GN.ZS,..,..,..,..,..,..,..,..,..,..
St. Vincent and the Grenadines,VCT,"Adjusted net savings, excluding particulate emission damage (% of GNI)",NY.ADJ.SVNX.GN.ZS,..,..,..,..,..,..,..,..,..,..
Sub-Saharan Africa,SSF,"Adjusted net savings, excluding particulate emission damage (% of GNI)",NY.ADJ.SVNX.GN.ZS,4.628370739,2.987872198,6.071947602,2.967139163,5.331466089,4.774535014,4.17019205,4.643716912,3.901913657,5.550113324
Sub-Saharan Africa (excluding high income),SSA,"Adjusted net savings, excluding particulate emission damage (% of GNI)",NY.ADJ.SVNX.GN.ZS,4.661545202,3.032084414,6.10885568,2.951808038,5.343112878,4.773239383,4.151773193,4.615998545,3.862903793,5.53472445
Sub-Saharan Africa (IDA & IBRD countries),TSS,"Adjusted net savings, excluding particulate emission damage (% of GNI)",NY.ADJ.SVNX.GN.ZS,4.628370739,2.987872198,6.071947602,2.967139163,5.331466089,4.774535014,4.17019205,4.643716912,3.901913657,5.550113324
Sudan,SDN,"Adjusted net savings, excluding particulate emission damage (% of GNI)",NY.ADJ.SVNX.GN.ZS,..,7.377014347,16.11917485,16.61755428,22.10036362,17.73279697,17.42834164,20.71364745,26.17991053,39.42792385
Suriname,SUR,"Adjusted net savings, excluding particulate emission damage (% of GNI)",NY.ADJ.SVNX.GN.ZS,24.50986436,..,..,..,..,..,..,..,..,..
Sweden,SWE,"Adjusted net savings, excluding particulate emission damage (% of GNI)",NY.ADJ.SVNX.GN.ZS,17.59661096,17.78971937,17.18161773,16.92655869,17.19104389,17.50359576,17.30255155,18.24883642,17.93347053,18.59030952
Switzerland,CHE,"Adjusted net savings, excluding particulate emission damage (% of GNI)",NY.ADJ.SVNX.GN.ZS,19.55570969,16.76099987,17.85270401,16.81899468,14.82449525,17.16498549,15.78236224,13.14947489,16.33084636,17.39564655
Syrian Arab Republic,SYR,"Adjusted net savings, excluding particulate emission damage (% of GNI)",NY.ADJ.SVNX.GN.ZS,..,..,..,..,..,..,..,..,..,..
Tajikistan,TJK,"Adjusted net savings, excluding particulate emission damage (% of GNI)",NY.ADJ.SVNX.GN.ZS,-3.519113266,-2.149463331,-3.227199899,-5.260326554,2.584569137,2.691493316,10.82512506,16.42078875,..,..
Tanzania,TZA,"Adjusted net savings, excluding particulate emission damage (% of GNI)",NY.ADJ.SVNX.GN.ZS,16.60246412,12.61463861,16.56366247,17.90233776,19.12575599,16.7932408,19.5231278,22.22632925,..,..
Thailand,THA,"Adjusted net savings, excluding particulate emission damage (% of GNI)",NY.ADJ.SVNX.GN.ZS,14.46989188,16.13883171,13.13063446,11.08079307,10.41568073,11.21001552,13.74204934,15.70545616,15.07975622,15.12627592
Timor-Leste,TLS,"Adjusted net savings, excluding particulate emission damage (% of GNI)",NY.ADJ.SVNX.GN.ZS,..,..,..,..,..,-1.446874708,-13.25440089,-14.30452218,-34.99457155,-8.606851289
Togo,TGO,"Adjusted net savings, excluding particulate emission damage (% of GNI)",NY.ADJ.SVNX.GN.ZS,1.165940854,-2.411095674,-8.822675945,-2.58854262,1.210694619,5.212481231,6.798815323,7.519014811,11.93006628,..
Tonga,TON,"Adjusted net savings, excluding particulate emission damage (% of GNI)",NY.ADJ.SVNX.GN.ZS,4.515333282,7.413025112,9.213685535,..,..,..,..,..,..,..
Trinidad and Tobago,TTO,"Adjusted net savings, excluding particulate emission damage (% of GNI)",NY.ADJ.SVNX.GN.ZS,..,..,..,..,..,..,..,..,..,..
Tunisia,TUN,"Adjusted net savings, excluding particulate emission damage (% of GNI)",NY.ADJ.SVNX.GN.ZS,5.234714982,-0.835022117,-1.410465284,-0.664330599,3.185990673,4.117489563,5.345439213,6.754339343,8.006562042,8.545861808
Turkey,TUR,"Adjusted net savings, excluding particulate emission damage (% of GNI)",NY.ADJ.SVNX.GN.ZS,9.048318413,11.02727069,11.4298032,12.41399618,12.84956488,12.94036349,12.21418741,12.96320026,15.689119,12.69147501
Turkmenistan,TKM,"Adjusted net savings, excluding particulate emission damage (% of GNI)",NY.ADJ.SVNX.GN.ZS,..,..,..,..,..,..,..,..,..,..
Turks and Caicos Islands,TCA,"Adjusted net savings, excluding particulate emission damage (% of GNI)",NY.ADJ.SVNX.GN.ZS,..,..,..,..,..,..,..,..,..,..
Tuvalu,TUV,"Adjusted net savings, excluding particulate emission damage (% of GNI)",NY.ADJ.SVNX.GN.ZS,..,..,..,..,..,..,..,..,..,..
Uganda,UGA,"Adjusted net savings, excluding particulate emission damage (% of GNI)",NY.ADJ.SVNX.GN.ZS,1.573094278,-3.201934464,-5.970780176,-0.937974891,3.376391556,-4.065017817,2.313452105,3.960462237,7.330547374,10.23234516
Ukraine,UKR,"Adjusted net savings, excluding particulate emission damage (% of GNI)",NY.ADJ.SVNX.GN.ZS,0.789421406,0.781285847,0.168449244,-4.132949558,-3.699685394,2.255088425,3.32811544,3.428911454,1.446963221,-1.061215571
United Arab Emirates,ARE,"Adjusted net savings, excluding particulate emission damage (% of GNI)",NY.ADJ.SVNX.GN.ZS,..,..,..,..,..,..,..,..,..,..
United Kingdom,GBR,"Adjusted net savings, excluding particulate emission damage (% of GNI)",NY.ADJ.SVNX.GN.ZS,2.604641904,2.983433515,1.619756811,1.087635512,2.732992719,3.020196708,2.323567876,3.683526752,2.965745762,..
United States,USA,"Adjusted net savings, excluding particulate emission damage (% of GNI)",NY.ADJ.SVNX.GN.ZS,3.071470749,4.205332461,6.1102533,6.332653002,7.383950871,7.613997066,6.078755461,5.93247839,5.828487437,5.846648661
Upper middle income,UMC,"Adjusted net savings, excluding particulate emission damage (% of GNI)",NY.ADJ.SVNX.GN.ZS,18.53972668,17.31833105,17.50269925,16.80186956,17.18443527,17.87659513,17.8141967,18.48716395,18.48797397,18.05170327
Uruguay,URY,"Adjusted net savings, excluding particulate emission damage (% of GNI)",NY.ADJ.SVNX.GN.ZS,10.74074714,11.94379358,7.337452834,9.410963795,7.939191752,9.532187352,9.282595192,7.141202636,6.619666162,8.198960345
Uzbekistan,UZB,"Adjusted net savings, excluding particulate emission damage (% of GNI)",NY.ADJ.SVNX.GN.ZS,..,..,..,..,19.72822874,18.28773789,17.34269588,22.19784221,20.69005505,25.29701314
Vanuatu,VUT,"Adjusted net savings, excluding particulate emission damage (% of GNI)",NY.ADJ.SVNX.GN.ZS,15.93041795,16.60484452,15.05208229,20.95426161,27.10907846,..,..,..,..,..
"Venezuela, RB",VEN,"Adjusted net savings, excluding particulate emission damage (% of GNI)",NY.ADJ.SVNX.GN.ZS,29.8288161,27.90259129,23.51596623,16.78299765,7.202246836,..,..,..,..,..
Vietnam,VNM,"Adjusted net savings, excluding particulate emission damage (% of GNI)",NY.ADJ.SVNX.GN.ZS,12.35052342,9.752251587,13.34475232,13.66140982,13.79817943,11.23568354,11.82817233,9.592019216,10.20352853,9.73537681
Virgin Islands (U.S.),VIR,"Adjusted net savings, excluding particulate emission damage (% of GNI)",NY.ADJ.SVNX.GN.ZS,..,..,..,..,..,..,..,..,..,..
West Bank and Gaza,PSE,"Adjusted net savings, excluding particulate emission damage (% of GNI)",NY.ADJ.SVNX.GN.ZS,..,..,..,..,..,..,..,..,..,..
World,WLD,"Adjusted net savings, excluding particulate emission damage (% of GNI)",NY.ADJ.SVNX.GN.ZS,10.21954767,10.5624211,11.07996513,11.07577332,11.6570355,11.88361546,11.49023921,12.09886913,12.0120056,11.75352807
"Yemen, Rep.",YEM,"Adjusted net savings, excluding particulate emission damage (% of GNI)",NY.ADJ.SVNX.GN.ZS,..,..,..,..,..,..,..,..,..,..
Zambia,ZMB,"Adjusted net savings, excluding particulate emission damage (% of GNI)",NY.ADJ.SVNX.GN.ZS,9.648299114,9.95959708,17.42033012,16.56047997,16.95448023,19.07513583,15.43803062,20.2804866,23.7104346,24.61843243
Zimbabwe,ZWE,"Adjusted net savings, excluding particulate emission damage (% of GNI)",NY.ADJ.SVNX.GN.ZS,-18.88263002,-18.2634175,-28.76052517,-15.25897145,-14.09402347,-18.88283086,-11.19921264,-12.70023821,..,..
,,,,,,,,,,,,,
,,,,,,,,,,,,,
,,,,,,,,,,,,,
Data from database: Adjusted Net Savings,,,,,,,,,,,,,
Last Updated: 04/27/2021,,,,,,,,,,,,,
