Country Name,Country Code,Series Name,Series Code,2010 [YR2010],2011 [YR2011],2012 [YR2012],2013 [YR2013],2014 [YR2014],2015 [YR2015],2016 [YR2016]
Afghanistan,AFG,"Unemployment, total (% of total labor force) (modeled ILO estimate)",SL.UEM.TOTL.ZS,7.821000099,8.229999542,7.93599987,8.451999664,8.706000328,8.86400032,8.840999603
Albania,ALB,"Unemployment, total (% of total labor force) (modeled ILO estimate)",SL.UEM.TOTL.ZS,14.19999981,13.97999954,13.43999958,15.64000034,17.48999977,17.07999992,15.22000027
Algeria,DZA,"Unemployment, total (% of total labor force) (modeled ILO estimate)",SL.UEM.TOTL.ZS,9.960000038,9.960000038,10.97000027,9.819999695,10.60000038,11.19999981,10.19999981
American Samoa,ASM,"Unemployment, total (% of total labor force) (modeled ILO estimate)",SL.UEM.TOTL.ZS,..,..,..,..,..,..,..
Andorra,AND,"Unemployment, total (% of total labor force) (modeled ILO estimate)",SL.UEM.TOTL.ZS,..,..,..,..,..,..,..
Angola,AGO,"Unemployment, total (% of total labor force) (modeled ILO estimate)",SL.UEM.TOTL.ZS,9.862999916,7.360000134,7.347000122,7.330999851,7.306000233,7.281000137,7.723999977
Antigua and Barbuda,ATG,"Unemployment, total (% of total labor force) (modeled ILO estimate)",SL.UEM.TOTL.ZS,..,..,..,..,..,..,..
Arab World,ARB,"Unemployment, total (% of total labor force) (modeled ILO estimate)",SL.UEM.TOTL.ZS,9.9591374,10.29411822,10.43149851,10.29386542,10.28909079,10.26685497,10.01985079
Argentina,ARG,"Unemployment, total (% of total labor force) (modeled ILO estimate)",SL.UEM.TOTL.ZS,7.710000038,7.179999828,7.21999979,7.099999905,7.269999981,7.151000023,8.696000099
Armenia,ARM,"Unemployment, total (% of total labor force) (modeled ILO estimate)",SL.UEM.TOTL.ZS,19.01000023,18.44000053,17.30999947,16.18000031,17.5,18.26000023,18.04000092
Aruba,ABW,"Unemployment, total (% of total labor force) (modeled ILO estimate)",SL.UEM.TOTL.ZS,..,..,..,..,..,..,..
Australia,AUS,"Unemployment, total (% of total labor force) (modeled ILO estimate)",SL.UEM.TOTL.ZS,5.210000038,5.079999924,5.21999979,5.659999847,6.070000172,6.059999943,5.71999979
Austria,AUT,"Unemployment, total (% of total labor force) (modeled ILO estimate)",SL.UEM.TOTL.ZS,4.820000172,4.559999943,4.869999886,5.329999924,5.619999886,5.71999979,6.010000229
Azerbaijan,AZE,"Unemployment, total (% of total labor force) (modeled ILO estimate)",SL.UEM.TOTL.ZS,5.630000114,5.420000076,5.190000057,4.96999979,4.909999847,4.960000038,5
"Bahamas, The",BHS,"Unemployment, total (% of total labor force) (modeled ILO estimate)",SL.UEM.TOTL.ZS,14.31799984,14.52000046,14.02000046,16.18000031,13.80000019,12,12.69999981
Bahrain,BHR,"Unemployment, total (% of total labor force) (modeled ILO estimate)",SL.UEM.TOTL.ZS,1.129999995,1.230000019,1.200000048,1.207000017,1.213000059,1.208999991,1.215000033
Bangladesh,BGD,"Unemployment, total (% of total labor force) (modeled ILO estimate)",SL.UEM.TOTL.ZS,3.380000114,3.650000095,3.914000034,4.429999828,4.428999901,4.427000046,4.349999905
Barbados,BRB,"Unemployment, total (% of total labor force) (modeled ILO estimate)",SL.UEM.TOTL.ZS,10.68999958,11.14000034,11.57999992,11.55000019,12.17000008,11.35000038,9.720000267
Belarus,BLR,"Unemployment, total (% of total labor force) (modeled ILO estimate)",SL.UEM.TOTL.ZS,1.149999976,0.680000007,0.620000005,0.50999999,0.49000001,0.493000001,0.488000005
Belgium,BEL,"Unemployment, total (% of total labor force) (modeled ILO estimate)",SL.UEM.TOTL.ZS,8.289999962,7.139999866,7.539999962,8.430000305,8.520000458,8.479999542,7.829999924
Belize,BLZ,"Unemployment, total (% of total labor force) (modeled ILO estimate)",SL.UEM.TOTL.ZS,11.41600037,12.93099976,14.27000046,11.68000031,11.56999969,9.970000267,7.909999847
Benin,BEN,"Unemployment, total (% of total labor force) (modeled ILO estimate)",SL.UEM.TOTL.ZS,1.039999962,2.650000095,2.644000053,2.637000084,2.631000042,2.627000093,2.54399991
Bermuda,BMU,"Unemployment, total (% of total labor force) (modeled ILO estimate)",SL.UEM.TOTL.ZS,..,..,..,..,..,..,..
Bhutan,BTN,"Unemployment, total (% of total labor force) (modeled ILO estimate)",SL.UEM.TOTL.ZS,3.319999933,3.230000019,2.049999952,2.869999886,2.630000114,2.450000048,2.441999912
Bolivia,BOL,"Unemployment, total (% of total labor force) (modeled ILO estimate)",SL.UEM.TOTL.ZS,2.539999962,2.220000029,2.049999952,2.390000105,2.00999999,3.069999933,3.059999943
Bosnia and Herzegovina,BIH,"Unemployment, total (% of total labor force) (modeled ILO estimate)",SL.UEM.TOTL.ZS,27.20000076,27.60000038,28.04999924,27.45000076,27.52000046,27.69400024,25.05999947
Botswana,BWA,"Unemployment, total (% of total labor force) (modeled ILO estimate)",SL.UEM.TOTL.ZS,17.86000061,17.61700058,17.49300003,17.71800041,17.34900093,17.01499939,17.11700058
Brazil,BRA,"Unemployment, total (% of total labor force) (modeled ILO estimate)",SL.UEM.TOTL.ZS,7.256999969,6.690000057,7.190000057,6.989999771,6.670000076,8.43999958,11.60999966
British Virgin Islands,VGB,"Unemployment, total (% of total labor force) (modeled ILO estimate)",SL.UEM.TOTL.ZS,..,..,..,..,..,..,..
Brunei Darussalam,BRN,"Unemployment, total (% of total labor force) (modeled ILO estimate)",SL.UEM.TOTL.ZS,6.164000034,6.111999989,5.993999958,5.881000042,6.96999979,6.835999966,6.934999943
Bulgaria,BGR,"Unemployment, total (% of total labor force) (modeled ILO estimate)",SL.UEM.TOTL.ZS,10.27999973,11.26000023,12.27000046,12.93999958,11.42000008,9.140000343,7.570000172
Burkina Faso,BFA,"Unemployment, total (% of total labor force) (modeled ILO estimate)",SL.UEM.TOTL.ZS,4.65199995,5.097000122,5.548999786,6.002999783,6.5,6.493999958,6.390999794
Burundi,BDI,"Unemployment, total (% of total labor force) (modeled ILO estimate)",SL.UEM.TOTL.ZS,1.574000001,1.544999957,1.514999986,1.485999942,1.570000052,1.57099998,1.590999961
Cabo Verde,CPV,"Unemployment, total (% of total labor force) (modeled ILO estimate)",SL.UEM.TOTL.ZS,10.67000008,10.57699966,10.50699997,10.42500019,10.34799957,10.27499962,10.32499981
Cambodia,KHM,"Unemployment, total (% of total labor force) (modeled ILO estimate)",SL.UEM.TOTL.ZS,0.349999994,0.200000003,0.159999996,0.300000012,0.180000007,0.179000005,0.197999999
Cameroon,CMR,"Unemployment, total (% of total labor force) (modeled ILO estimate)",SL.UEM.TOTL.ZS,4.110000134,4.172999859,4.225999832,4.277999878,4.320000172,4.296000004,4.261000156
Canada,CAN,"Unemployment, total (% of total labor force) (modeled ILO estimate)",SL.UEM.TOTL.ZS,8.06000042,7.510000229,7.289999962,7.070000172,6.909999847,6.909999847,7
Cayman Islands,CYM,"Unemployment, total (% of total labor force) (modeled ILO estimate)",SL.UEM.TOTL.ZS,..,..,..,..,..,..,..
Central African Republic,CAF,"Unemployment, total (% of total labor force) (modeled ILO estimate)",SL.UEM.TOTL.ZS,6.265999794,6.277999878,6.297999859,6.287000179,6.342999935,6.393000126,6.159999847
Chad,TCD,"Unemployment, total (% of total labor force) (modeled ILO estimate)",SL.UEM.TOTL.ZS,5.745999813,5.699999809,5.703999996,5.69299984,5.68200016,5.659999847,5.784999847
Channel Islands,CHI,"Unemployment, total (% of total labor force) (modeled ILO estimate)",SL.UEM.TOTL.ZS,9.671999931,9.88599968,9.911000252,9.663999557,9.248999596,9.56000042,9.378000259
Chile,CHL,"Unemployment, total (% of total labor force) (modeled ILO estimate)",SL.UEM.TOTL.ZS,8.420000076,7.340000153,6.659999847,6.210000038,6.659999847,6.510000229,6.739999771
China,CHN,"Unemployment, total (% of total labor force) (modeled ILO estimate)",SL.UEM.TOTL.ZS,4.199999809,4.340000153,4.46999979,4.539999962,4.592999935,4.605000019,4.649000168
Colombia,COL,"Unemployment, total (% of total labor force) (modeled ILO estimate)",SL.UEM.TOTL.ZS,10.88000011,10.18999958,9.81000042,9.18999958,8.529999733,8.239999771,8.350000381
Comoros,COM,"Unemployment, total (% of total labor force) (modeled ILO estimate)",SL.UEM.TOTL.ZS,4.43900013,4.420000076,4.399000168,4.377999783,4.361999989,4.34499979,4.347000122
"Congo, Dem. Rep.",COD,"Unemployment, total (% of total labor force) (modeled ILO estimate)",SL.UEM.TOTL.ZS,3.697000027,3.700999975,3.704999924,3.707000017,3.707999945,3.707000017,3.691999912
"Congo, Rep.",COG,"Unemployment, total (% of total labor force) (modeled ILO estimate)",SL.UEM.TOTL.ZS,14.5539999,13.06400013,10,10.00399971,9.998000145,10.02499962,10.42099953
Costa Rica,CRI,"Unemployment, total (% of total labor force) (modeled ILO estimate)",SL.UEM.TOTL.ZS,8.920000076,10.18000031,9.899999619,8.960000038,9.119999886,9.260000229,8.979999542
Cote d'Ivoire,CIV,"Unemployment, total (% of total labor force) (modeled ILO estimate)",SL.UEM.TOTL.ZS,3.075999975,2.990999937,2.914000034,2.83100009,2.747999907,2.664999962,2.599999905
Croatia,HRV,"Unemployment, total (% of total labor force) (modeled ILO estimate)",SL.UEM.TOTL.ZS,11.61999989,13.68000031,15.93000031,17.25,17.29000092,16.18000031,13.10000038
Cuba,CUB,"Unemployment, total (% of total labor force) (modeled ILO estimate)",SL.UEM.TOTL.ZS,2.5,3.180000067,3.460000038,3.289999962,2.700000048,2.400000095,2.489000082
Curacao,CUW,"Unemployment, total (% of total labor force) (modeled ILO estimate)",SL.UEM.TOTL.ZS,..,..,..,..,..,..,..
Cyprus,CYP,"Unemployment, total (% of total labor force) (modeled ILO estimate)",SL.UEM.TOTL.ZS,6.260000229,7.869999886,11.78999996,15.88000011,16.07999992,14.92000008,12.94999981
Czech Republic,CZE,"Unemployment, total (% of total labor force) (modeled ILO estimate)",SL.UEM.TOTL.ZS,7.28000021,6.710000038,6.980000019,6.949999809,6.110000134,5.050000191,3.950000048
Denmark,DNK,"Unemployment, total (% of total labor force) (modeled ILO estimate)",SL.UEM.TOTL.ZS,7.460000038,7.570000172,7.53000021,7,6.590000153,6.170000076,6.179999828
Djibouti,DJI,"Unemployment, total (% of total labor force) (modeled ILO estimate)",SL.UEM.TOTL.ZS,6.203000069,6.145999908,6.072000027,5.999000072,5.928999901,5.863999844,5.836999893
Dominica,DMA,"Unemployment, total (% of total labor force) (modeled ILO estimate)",SL.UEM.TOTL.ZS,..,..,..,..,..,..,..
Dominican Republic,DOM,"Unemployment, total (% of total labor force) (modeled ILO estimate)",SL.UEM.TOTL.ZS,5.019999981,5.820000172,6.519999981,7.070000172,6.400000095,5.920000076,5.489999771
East Asia & Pacific,EAS,"Unemployment, total (% of total labor force) (modeled ILO estimate)",SL.UEM.TOTL.ZS,4.086996437,4.052259981,4.033439616,4.053830198,4.040250961,4.072020411,4.054624196
East Asia & Pacific (excluding high income),EAP,"Unemployment, total (% of total labor force) (modeled ILO estimate)",SL.UEM.TOTL.ZS,4.006460089,4.020546459,4.016103422,4.05739228,4.058358406,4.111136641,4.104218632
Ecuador,ECU,"Unemployment, total (% of total labor force) (modeled ILO estimate)",SL.UEM.TOTL.ZS,4.090000153,3.460000038,3.230000019,3.079999924,3.480000019,3.619999886,4.599999905
"Egypt, Arab Rep.",EGY,"Unemployment, total (% of total labor force) (modeled ILO estimate)",SL.UEM.TOTL.ZS,11.85000038,11.85000038,12.60000038,13.14999962,13.10000038,13.05000019,12.40999985
El Salvador,SLV,"Unemployment, total (% of total labor force) (modeled ILO estimate)",SL.UEM.TOTL.ZS,4.889999866,4.300000191,3.849999905,3.690000057,4.159999847,4,4.420000076
Equatorial Guinea,GNQ,"Unemployment, total (% of total labor force) (modeled ILO estimate)",SL.UEM.TOTL.ZS,5.580999851,5.570000172,5.551000118,5.522999763,5.494999886,5.459000111,6.193999767
Eritrea,ERI,"Unemployment, total (% of total labor force) (modeled ILO estimate)",SL.UEM.TOTL.ZS,6.78000021,6.745999813,6.68599987,6.623000145,6.585999966,6.556000233,6.452000141
Estonia,EST,"Unemployment, total (% of total labor force) (modeled ILO estimate)",SL.UEM.TOTL.ZS,16.70999908,12.32999992,10.02000046,8.630000114,7.349999905,6.190000057,6.760000229
Eswatini,SWZ,"Unemployment, total (% of total labor force) (modeled ILO estimate)",SL.UEM.TOTL.ZS,27.79199982,27.5340004,27.23200035,26.91300011,26.61199951,26.33200073,26.34799957
Ethiopia,ETH,"Unemployment, total (% of total labor force) (modeled ILO estimate)",SL.UEM.TOTL.ZS,5.203999996,5.179999828,5.144000053,4.980000019,4.978000164,4.972000122,5.092999935
Euro area,EMU,"Unemployment, total (% of total labor force) (modeled ILO estimate)",SL.UEM.TOTL.ZS,10.03211668,10.10397675,11.28254318,11.91985887,11.59456306,10.82769098,10.01281994
Europe & Central Asia,ECS,"Unemployment, total (% of total labor force) (modeled ILO estimate)",SL.UEM.TOTL.ZS,9.01625667,8.774610747,8.977806015,9.201011507,8.945698177,8.550364004,8.071595979
Europe & Central Asia (excluding high income),ECA,"Unemployment, total (% of total labor force) (modeled ILO estimate)",SL.UEM.TOTL.ZS,8.472256999,7.868265698,7.270906038,7.289230064,7.453761468,7.577604464,7.50701506
European Union,EUU,"Unemployment, total (% of total labor force) (modeled ILO estimate)",SL.UEM.TOTL.ZS,9.507187123,9.593360928,10.41141169,10.8100722,10.20026383,9.376827307,8.5297875
Faroe Islands,FRO,"Unemployment, total (% of total labor force) (modeled ILO estimate)",SL.UEM.TOTL.ZS,..,..,..,..,..,..,..
Fiji,FJI,"Unemployment, total (% of total labor force) (modeled ILO estimate)",SL.UEM.TOTL.ZS,8.909999847,9.020000458,9,7.578999996,6.170000076,6.098999977,6.237999916
Finland,FIN,"Unemployment, total (% of total labor force) (modeled ILO estimate)",SL.UEM.TOTL.ZS,8.390000343,7.78000021,7.690000057,8.18999958,8.659999847,9.380000114,8.819999695
France,FRA,"Unemployment, total (% of total labor force) (modeled ILO estimate)",SL.UEM.TOTL.ZS,8.869999886,8.81000042,9.399999619,9.920000076,10.30000019,10.35999966,10.06000042
French Polynesia,PYF,"Unemployment, total (% of total labor force) (modeled ILO estimate)",SL.UEM.TOTL.ZS,17.96800041,20.00900078,21.79000092,21.65299988,21.49300003,21.37100029,20.99099922
Gabon,GAB,"Unemployment, total (% of total labor force) (modeled ILO estimate)",SL.UEM.TOTL.ZS,20.38999939,20.36599922,20.22900009,20.18899918,20.08399963,20.00499916,19.88699913
"Gambia, The",GMB,"Unemployment, total (% of total labor force) (modeled ILO estimate)",SL.UEM.TOTL.ZS,9.411999702,9.392999649,9.420000076,9.421999931,9.427000046,9.420000076,9.43200016
Georgia,GEO,"Unemployment, total (% of total labor force) (modeled ILO estimate)",SL.UEM.TOTL.ZS,16.29999924,15.06000042,15.03999996,14.56000042,12.35000038,11.96000004,11.76000023
Germany,DEU,"Unemployment, total (% of total labor force) (modeled ILO estimate)",SL.UEM.TOTL.ZS,6.96999979,5.820000172,5.380000114,5.230000019,4.980000019,4.619999886,4.119999886
Ghana,GHA,"Unemployment, total (% of total labor force) (modeled ILO estimate)",SL.UEM.TOTL.ZS,5.320000172,4.472000122,3.628999949,2.170000076,2.164000034,2.154000044,2.25999999
Gibraltar,GIB,"Unemployment, total (% of total labor force) (modeled ILO estimate)",SL.UEM.TOTL.ZS,..,..,..,..,..,..,..
Greece,GRC,"Unemployment, total (% of total labor force) (modeled ILO estimate)",SL.UEM.TOTL.ZS,12.71000004,17.86000061,24.44000053,27.46999931,26.48999977,24.89999962,23.54000092
Greenland,GRL,"Unemployment, total (% of total labor force) (modeled ILO estimate)",SL.UEM.TOTL.ZS,..,..,..,..,..,..,..
Grenada,GRD,"Unemployment, total (% of total labor force) (modeled ILO estimate)",SL.UEM.TOTL.ZS,..,..,..,..,..,..,..
Guam,GUM,"Unemployment, total (% of total labor force) (modeled ILO estimate)",SL.UEM.TOTL.ZS,8.199999809,13.30000019,12.19999981,11.5,7.599999905,6.900000095,5.400000095
Guatemala,GTM,"Unemployment, total (% of total labor force) (modeled ILO estimate)",SL.UEM.TOTL.ZS,3.74000001,4.130000114,2.869999886,3.319999933,2.910000086,2.700000048,2.829999924
Guinea,GIN,"Unemployment, total (% of total labor force) (modeled ILO estimate)",SL.UEM.TOTL.ZS,4.545000076,4.537000179,4.532000065,4.534999847,4.531000137,4.52699995,4.510000229
Guinea-Bissau,GNB,"Unemployment, total (% of total labor force) (modeled ILO estimate)",SL.UEM.TOTL.ZS,6.328000069,6.315000057,6.267000198,6.25,6.217000008,6.196000099,6.144999981
Guyana,GUY,"Unemployment, total (% of total labor force) (modeled ILO estimate)",SL.UEM.TOTL.ZS,10.91699982,10.78299999,11.07499981,11.1260004,11.57499981,11.80900002,11.75500011
Haiti,HTI,"Unemployment, total (% of total labor force) (modeled ILO estimate)",SL.UEM.TOTL.ZS,15.9460001,13.71800041,14.10000038,13.85299969,13.93900013,14.04500008,14.00199986
Heavily indebted poor countries (HIPC),HPC,"Unemployment, total (% of total labor force) (modeled ILO estimate)",SL.UEM.TOTL.ZS,6.032898578,5.838105903,5.5855035,5.407006482,5.393634778,5.430705072,5.451879921
High income,HIC,"Unemployment, total (% of total labor force) (modeled ILO estimate)",SL.UEM.TOTL.ZS,8.215796982,7.887690757,7.922828695,7.825314053,7.23803339,6.627028999,6.228050043
Honduras,HND,"Unemployment, total (% of total labor force) (modeled ILO estimate)",SL.UEM.TOTL.ZS,4.119999886,4.46999979,3.75,4.099999905,5.489999771,4.590000153,4.670000076
"Hong Kong SAR, China",HKG,"Unemployment, total (% of total labor force) (modeled ILO estimate)",SL.UEM.TOTL.ZS,4.309999943,3.420000076,3.289999962,3.380000114,3.279999971,3.299999952,3.352999926
Hungary,HUN,"Unemployment, total (% of total labor force) (modeled ILO estimate)",SL.UEM.TOTL.ZS,11.17000008,11.02999973,11,10.18000031,7.730000019,6.809999943,5.110000134
Iceland,ISL,"Unemployment, total (% of total labor force) (modeled ILO estimate)",SL.UEM.TOTL.ZS,7.559999943,7.03000021,6,5.380000114,4.900000095,3.980000019,2.980000019
India,IND,"Unemployment, total (% of total labor force) (modeled ILO estimate)",SL.UEM.TOTL.ZS,3.539999962,3.529000044,3.621000051,3.463999987,3.414000034,3.49000001,3.505000114
Indonesia,IDN,"Unemployment, total (% of total labor force) (modeled ILO estimate)",SL.UEM.TOTL.ZS,5.610000134,5.150000095,4.46999979,4.340000153,4.050000191,4.510000229,4.119999886
"Iran, Islamic Rep.",IRN,"Unemployment, total (% of total labor force) (modeled ILO estimate)",SL.UEM.TOTL.ZS,13.52000046,12.30000019,12.21000004,10.43999958,10.56999969,11.06000042,12.43000031
Iraq,IRQ,"Unemployment, total (% of total labor force) (modeled ILO estimate)",SL.UEM.TOTL.ZS,8.336000443,8.208000183,7.960000038,8.06400013,8.203000069,8.086999893,7.90899992
Ireland,IRL,"Unemployment, total (% of total labor force) (modeled ILO estimate)",SL.UEM.TOTL.ZS,13.85000038,14.61999989,14.67000008,13.03999996,11.26000023,9.399999619,7.889999866
Isle of Man,IMN,"Unemployment, total (% of total labor force) (modeled ILO estimate)",SL.UEM.TOTL.ZS,..,..,..,..,..,..,..
Israel,ISR,"Unemployment, total (% of total labor force) (modeled ILO estimate)",SL.UEM.TOTL.ZS,8.479999542,7.139999866,6.860000134,6.210000038,5.889999866,5.25,4.800000191
Italy,ITA,"Unemployment, total (% of total labor force) (modeled ILO estimate)",SL.UEM.TOTL.ZS,8.359999657,8.359999657,10.64999962,12.14999962,12.68000031,11.89999962,11.68999958
Jamaica,JAM,"Unemployment, total (% of total labor force) (modeled ILO estimate)",SL.UEM.TOTL.ZS,12.36999989,12.69999981,13.93000031,15.25,13.73999977,13.51000023,13.18999958
Japan,JPN,"Unemployment, total (% of total labor force) (modeled ILO estimate)",SL.UEM.TOTL.ZS,5.070000172,4.550000191,4.349999905,4.03000021,3.579999924,3.329999924,3.130000114
Jordan,JOR,"Unemployment, total (% of total labor force) (modeled ILO estimate)",SL.UEM.TOTL.ZS,12.5,12.89999962,12.19999981,12.60000038,11.89999962,13.07499981,15.27499962
Kazakhstan,KAZ,"Unemployment, total (% of total labor force) (modeled ILO estimate)",SL.UEM.TOTL.ZS,5.769999981,5.389999866,5.289999962,5.199999809,5.059999943,4.929999828,4.960000038
Kenya,KEN,"Unemployment, total (% of total labor force) (modeled ILO estimate)",SL.UEM.TOTL.ZS,12.0880003,11.98799992,11.87699986,11.76500034,11.66699982,11.5880003,11.52000046
Kiribati,KIR,"Unemployment, total (% of total labor force) (modeled ILO estimate)",SL.UEM.TOTL.ZS,..,..,..,..,..,..,..
"Korea, Dem. People’s Rep.",PRK,"Unemployment, total (% of total labor force) (modeled ILO estimate)",SL.UEM.TOTL.ZS,4.561999798,4.515999794,4.493000031,4.492000103,4.480999947,4.522999763,4.721000195
"Korea, Rep.",KOR,"Unemployment, total (% of total labor force) (modeled ILO estimate)",SL.UEM.TOTL.ZS,3.720000029,3.410000086,3.220000029,3.119999886,3.529999971,3.630000114,3.710000038
Kosovo,XKX,"Unemployment, total (% of total labor force) (modeled ILO estimate)",SL.UEM.TOTL.ZS,..,..,..,..,..,..,..
Kuwait,KWT,"Unemployment, total (% of total labor force) (modeled ILO estimate)",SL.UEM.TOTL.ZS,1.820000052,3.599999905,3.512000084,3.424999952,2.900000095,2.200000048,2.230999947
Kyrgyz Republic,KGZ,"Unemployment, total (% of total labor force) (modeled ILO estimate)",SL.UEM.TOTL.ZS,8.640000343,8.529999733,8.430000305,8.329999924,8.050000191,7.559999943,7.210000038
Lao PDR,LAO,"Unemployment, total (% of total labor force) (modeled ILO estimate)",SL.UEM.TOTL.ZS,0.709999979,0.700999975,0.68900001,0.67900002,0.663999975,0.649999976,0.661000013
Latin America & Caribbean,LCN,"Unemployment, total (% of total labor force) (modeled ILO estimate)",SL.UEM.TOTL.ZS,6.90099275,6.482946257,6.461635383,6.354777536,6.140295826,6.591541978,7.758414093
Latin America & Caribbean (excluding high income),LAC,"Unemployment, total (% of total labor force) (modeled ILO estimate)",SL.UEM.TOTL.ZS,6.736015157,6.362518646,6.369212131,6.276860596,6.008189672,6.538897312,7.733357339
Latvia,LVA,"Unemployment, total (% of total labor force) (modeled ILO estimate)",SL.UEM.TOTL.ZS,19.47999954,16.20999908,15.05000019,11.86999989,10.85000038,9.869999886,9.640000343
Least developed countries: UN classification,LDC,"Unemployment, total (% of total labor force) (modeled ILO estimate)",SL.UEM.TOTL.ZS,5.412794363,5.299874425,5.194563553,5.225342349,5.184548442,5.229730429,5.246421804
Lebanon,LBN,"Unemployment, total (% of total labor force) (modeled ILO estimate)",SL.UEM.TOTL.ZS,6.381999969,6.559999943,6.553999901,6.584000111,6.607999802,6.627999783,6.578999996
Lesotho,LSO,"Unemployment, total (% of total labor force) (modeled ILO estimate)",SL.UEM.TOTL.ZS,25.85700035,28.19000053,23.15699959,24.57999992,24.75699997,26.97500038,27.78199959
Liberia,LBR,"Unemployment, total (% of total labor force) (modeled ILO estimate)",SL.UEM.TOTL.ZS,2.269999981,2.263999939,2.259000063,2.255000114,2.273000002,2.272000074,2.338000059
Libya,LBY,"Unemployment, total (% of total labor force) (modeled ILO estimate)",SL.UEM.TOTL.ZS,18.61599922,15.79300022,19.03000069,18.74099922,18.48800087,18.35700035,18.42300034
Liechtenstein,LIE,"Unemployment, total (% of total labor force) (modeled ILO estimate)",SL.UEM.TOTL.ZS,..,..,..,..,..,..,..
Lithuania,LTU,"Unemployment, total (% of total labor force) (modeled ILO estimate)",SL.UEM.TOTL.ZS,17.80999947,15.39000034,13.35999966,11.77000046,10.69999981,9.119999886,7.860000134
Low & middle income,LMY,"Unemployment, total (% of total labor force) (modeled ILO estimate)",SL.UEM.TOTL.ZS,5.164500992,5.081194689,5.071221232,5.060724616,5.029352856,5.182303869,5.375743397
Low income,LIC,"Unemployment, total (% of total labor force) (modeled ILO estimate)",SL.UEM.TOTL.ZS,5.935317862,5.994247424,5.824299108,5.714308106,5.636612263,5.677196238,5.689636247
Lower middle income,LMC,"Unemployment, total (% of total labor force) (modeled ILO estimate)",SL.UEM.TOTL.ZS,4.421341769,4.302030751,4.292374082,4.298026882,4.255082226,4.407511928,4.492413345
Luxembourg,LUX,"Unemployment, total (% of total labor force) (modeled ILO estimate)",SL.UEM.TOTL.ZS,4.360000134,4.900000095,5.139999866,5.849999905,5.849999905,6.670000076,6.289999962
"Macao SAR, China",MAC,"Unemployment, total (% of total labor force) (modeled ILO estimate)",SL.UEM.TOTL.ZS,2.839999914,2.559999943,1.970000029,1.820000052,1.700000048,1.809999943,1.906999946
"Macedonia, FYR",MKD,"Unemployment, total (% of total labor force) (modeled ILO estimate)",SL.UEM.TOTL.ZS,32.02000046,31.37999916,31.02000046,29,28.03000069,26.06999969,23.71999931
Madagascar,MDG,"Unemployment, total (% of total labor force) (modeled ILO estimate)",SL.UEM.TOTL.ZS,3.839999914,2.246999979,0.600000024,0.893000007,1.18599999,1.799999952,1.796000004
Malawi,MWI,"Unemployment, total (% of total labor force) (modeled ILO estimate)",SL.UEM.TOTL.ZS,6.709000111,6.428999901,6.133999825,5.949999809,5.94299984,5.883999825,5.857999802
Malaysia,MYS,"Unemployment, total (% of total labor force) (modeled ILO estimate)",SL.UEM.TOTL.ZS,3.25,3.089999914,3.019999981,3.109999895,2.869999886,3.099999905,3.440000057
Maldives,MDV,"Unemployment, total (% of total labor force) (modeled ILO estimate)",SL.UEM.TOTL.ZS,4.577000141,4.681000233,5.113999844,4.96600008,5.210000038,5.052999973,5.027999878
Mali,MLI,"Unemployment, total (% of total labor force) (modeled ILO estimate)",SL.UEM.TOTL.ZS,8.069999695,6.900000095,7.099999905,7.300000191,6.380000114,7.730000019,7.813000202
Malta,MLT,"Unemployment, total (% of total labor force) (modeled ILO estimate)",SL.UEM.TOTL.ZS,6.849999905,6.380000114,6.309999943,6.389999866,5.800000191,5.389999866,4.699999809
Marshall Islands,MHL,"Unemployment, total (% of total labor force) (modeled ILO estimate)",SL.UEM.TOTL.ZS,..,..,..,..,..,..,..
Mauritania,MRT,"Unemployment, total (% of total labor force) (modeled ILO estimate)",SL.UEM.TOTL.ZS,10.17700005,10.12199974,10.10000038,10.07499981,10.02400017,9.850999832,9.843000412
Mauritius,MUS,"Unemployment, total (% of total labor force) (modeled ILO estimate)",SL.UEM.TOTL.ZS,7.690000057,7.909999847,8.149999619,8,7.71999979,7.920000076,7.300000191
Mexico,MEX,"Unemployment, total (% of total labor force) (modeled ILO estimate)",SL.UEM.TOTL.ZS,5.329999924,5.190000057,4.920000076,4.940000057,4.829999924,4.340000153,3.880000114
"Micronesia, Fed. Sts.",FSM,"Unemployment, total (% of total labor force) (modeled ILO estimate)",SL.UEM.TOTL.ZS,..,..,..,..,..,..,..
Middle East & North Africa,MEA,"Unemployment, total (% of total labor force) (modeled ILO estimate)",SL.UEM.TOTL.ZS,10.47883111,10.48905391,10.57830867,10.12732812,10.13866927,10.19399245,10.22151734
Middle East & North Africa (excluding high income),MNA,"Unemployment, total (% of total labor force) (modeled ILO estimate)",SL.UEM.TOTL.ZS,11.79444066,11.88362266,12.10892224,11.62507818,11.71646937,11.88742142,11.94965906
Middle income,MIC,"Unemployment, total (% of total labor force) (modeled ILO estimate)",SL.UEM.TOTL.ZS,5.081841132,4.981495452,4.987455165,4.9867767,4.959412341,5.124258866,5.338279629
Moldova,MDA,"Unemployment, total (% of total labor force) (modeled ILO estimate)",SL.UEM.TOTL.ZS,7.449999809,6.679999828,5.579999924,5.099999905,3.859999895,3.690000057,4.179999828
Monaco,MCO,"Unemployment, total (% of total labor force) (modeled ILO estimate)",SL.UEM.TOTL.ZS,..,..,..,..,..,..,..
Mongolia,MNG,"Unemployment, total (% of total labor force) (modeled ILO estimate)",SL.UEM.TOTL.ZS,6.550000191,4.769999981,3.900000095,4.230000019,4.800000191,4.860000134,7.239999771
Montenegro,MNE,"Unemployment, total (% of total labor force) (modeled ILO estimate)",SL.UEM.TOTL.ZS,19.68000031,19.70999908,19.72999954,19.5,18,17.52000046,17.70000076
Morocco,MAR,"Unemployment, total (% of total labor force) (modeled ILO estimate)",SL.UEM.TOTL.ZS,9.06000042,8.909999847,8.989999771,9.229999542,9.699999809,9.659999847,9.399999619
Mozambique,MOZ,"Unemployment, total (% of total labor force) (modeled ILO estimate)",SL.UEM.TOTL.ZS,22.16600037,22.34300041,22.54999924,23.26799965,25.29999924,25.29999924,25.15399933
Myanmar,MMR,"Unemployment, total (% of total labor force) (modeled ILO estimate)",SL.UEM.TOTL.ZS,0.785000026,0.782000005,0.781000018,0.778999984,0.774999976,0.769999981,0.782999992
Namibia,NAM,"Unemployment, total (% of total labor force) (modeled ILO estimate)",SL.UEM.TOTL.ZS,22.10000038,20.77700043,16.77000046,19.03000069,18.52000046,19.59199905,23.35000038
Nauru,NRU,"Unemployment, total (% of total labor force) (modeled ILO estimate)",SL.UEM.TOTL.ZS,..,..,..,..,..,..,..
Nepal,NPL,"Unemployment, total (% of total labor force) (modeled ILO estimate)",SL.UEM.TOTL.ZS,2.119999886,2.532999992,2.89199996,3.299999952,3,3.101999998,3.062000036
Netherlands,NLD,"Unemployment, total (% of total labor force) (modeled ILO estimate)",SL.UEM.TOTL.ZS,4.449999809,4.980000019,5.820000172,7.239999771,7.420000076,6.869999886,6.010000229
New Caledonia,NCL,"Unemployment, total (% of total labor force) (modeled ILO estimate)",SL.UEM.TOTL.ZS,14.19200039,14.35599995,14.48700047,14.65299988,14.59000015,14.57800007,14.62100029
New Zealand,NZL,"Unemployment, total (% of total labor force) (modeled ILO estimate)",SL.UEM.TOTL.ZS,6.139999866,5.96999979,6.409999847,5.760000229,5.380000114,5.369999886,5.110000134
Nicaragua,NIC,"Unemployment, total (% of total labor force) (modeled ILO estimate)",SL.UEM.TOTL.ZS,7.829999924,6.519999981,5.210000038,5.28000021,4.519999981,4.478000164,4.447000027
Niger,NER,"Unemployment, total (% of total labor force) (modeled ILO estimate)",SL.UEM.TOTL.ZS,0.861999989,0.319999993,0.377999991,0.342999995,0.358999997,0.335000008,0.344999999
Nigeria,NGA,"Unemployment, total (% of total labor force) (modeled ILO estimate)",SL.UEM.TOTL.ZS,3.898999929,3.825999975,3.760999918,3.700000048,4.559999943,4.309999943,7.059999943
North America,NAC,"Unemployment, total (% of total labor force) (modeled ILO estimate)",SL.UEM.TOTL.ZS,9.461214498,8.794229892,7.985437764,7.346128626,6.250851361,5.458131402,5.102307779
Northern Mariana Islands,MNP,"Unemployment, total (% of total labor force) (modeled ILO estimate)",SL.UEM.TOTL.ZS,..,..,..,..,..,..,..
Norway,NOR,"Unemployment, total (% of total labor force) (modeled ILO estimate)",SL.UEM.TOTL.ZS,3.519999981,3.210000038,3.119999886,3.420000076,3.480000019,4.300000191,4.679999828
OECD members,OED,"Unemployment, total (% of total labor force) (modeled ILO estimate)",SL.UEM.TOTL.ZS,8.303837922,7.930203753,7.939410211,7.882066624,7.343726236,6.752753726,6.323928515
Oman,OMN,"Unemployment, total (% of total labor force) (modeled ILO estimate)",SL.UEM.TOTL.ZS,3.977999926,3.973999977,3.773000002,3.651000023,3.493999958,3.318000078,3.266000032
Pakistan,PAK,"Unemployment, total (% of total labor force) (modeled ILO estimate)",SL.UEM.TOTL.ZS,0.649999976,0.800000012,1.840999961,2.950000048,1.830000043,3.569999933,3.844000101
Palau,PLW,"Unemployment, total (% of total labor force) (modeled ILO estimate)",SL.UEM.TOTL.ZS,..,..,..,..,..,..,..
Panama,PAN,"Unemployment, total (% of total labor force) (modeled ILO estimate)",SL.UEM.TOTL.ZS,6.519999981,4.480000019,4.050000191,4.099999905,4.820000172,4.53000021,4.353000164
Papua New Guinea,PNG,"Unemployment, total (% of total labor force) (modeled ILO estimate)",SL.UEM.TOTL.ZS,2,2.619999886,2.631999969,2.621999979,2.654000044,2.638000011,2.64199996
Paraguay,PRY,"Unemployment, total (% of total labor force) (modeled ILO estimate)",SL.UEM.TOTL.ZS,4.570000172,4.670000076,4.090000153,4.380000114,5.03000021,4.559999943,5.25
Peru,PER,"Unemployment, total (% of total labor force) (modeled ILO estimate)",SL.UEM.TOTL.ZS,3.480000019,3.440000057,3.109999895,3.24000001,2.960000038,3,3.529999971
Philippines,PHL,"Unemployment, total (% of total labor force) (modeled ILO estimate)",SL.UEM.TOTL.ZS,3.609999895,3.589999914,3.5,3.5,3.599999905,3.039999962,2.710000038
Poland,POL,"Unemployment, total (% of total labor force) (modeled ILO estimate)",SL.UEM.TOTL.ZS,9.640000343,9.630000114,10.09000015,10.32999992,8.989999771,7.5,6.159999847
Portugal,PRT,"Unemployment, total (% of total labor force) (modeled ILO estimate)",SL.UEM.TOTL.ZS,10.77000046,12.68000031,15.52999973,16.18000031,13.89000034,12.43999958,11.06999969
Puerto Rico,PRI,"Unemployment, total (% of total labor force) (modeled ILO estimate)",SL.UEM.TOTL.ZS,16.37000084,15.94999981,14.47999954,14.30000019,13.90999985,12,11.77999973
Qatar,QAT,"Unemployment, total (% of total labor force) (modeled ILO estimate)",SL.UEM.TOTL.ZS,0.449999988,0.560000002,0.479999989,0.270000011,0.189999998,0.159999996,0.140000001
Romania,ROU,"Unemployment, total (% of total labor force) (modeled ILO estimate)",SL.UEM.TOTL.ZS,6.960000038,7.179999828,6.789999962,7.099999905,6.800000191,6.809999943,5.900000095
Russian Federation,RUS,"Unemployment, total (% of total labor force) (modeled ILO estimate)",SL.UEM.TOTL.ZS,7.369999886,6.539999962,5.440000057,5.460000038,5.159999847,5.570000172,5.537000179
Rwanda,RWA,"Unemployment, total (% of total labor force) (modeled ILO estimate)",SL.UEM.TOTL.ZS,2.997999907,3.253999949,3.440000057,2.272000074,1.169999957,1.164999962,1.231999993
Samoa,WSM,"Unemployment, total (% of total labor force) (modeled ILO estimate)",SL.UEM.TOTL.ZS,4.78399992,5.679999828,8.75,8.812999725,8.720000267,8.76099968,8.487000465
San Marino,SMR,"Unemployment, total (% of total labor force) (modeled ILO estimate)",SL.UEM.TOTL.ZS,..,..,..,..,..,..,..
Sao Tome and Principe,STP,"Unemployment, total (% of total labor force) (modeled ILO estimate)",SL.UEM.TOTL.ZS,14.62800026,14.12699986,13.59000015,13.52499962,13.47200012,13.43299961,13.41600037
Saudi Arabia,SAU,"Unemployment, total (% of total labor force) (modeled ILO estimate)",SL.UEM.TOTL.ZS,5.550000191,5.769999981,5.519999981,5.570000172,5.71999979,5.590000153,5.650000095
Senegal,SEN,"Unemployment, total (% of total labor force) (modeled ILO estimate)",SL.UEM.TOTL.ZS,10.22299957,10.35999966,9.024999619,7.688000202,6.356999874,4.849999905,4.847000122
Serbia,SRB,"Unemployment, total (% of total labor force) (modeled ILO estimate)",SL.UEM.TOTL.ZS,19.21999931,22.96999931,24,22.14999962,19.21999931,17.92000008,15.26000023
Seychelles,SYC,"Unemployment, total (% of total labor force) (modeled ILO estimate)",SL.UEM.TOTL.ZS,..,..,..,..,..,..,..
Sierra Leone,SLE,"Unemployment, total (% of total labor force) (modeled ILO estimate)",SL.UEM.TOTL.ZS,4.269000053,4.393000126,4.513000011,4.630000114,4.679999828,4.703000069,4.59800005
Singapore,SGP,"Unemployment, total (% of total labor force) (modeled ILO estimate)",SL.UEM.TOTL.ZS,3.170000076,2.960000038,2.880000114,2.789999962,2.799999952,1.690000057,1.799999952
Sint Maarten (Dutch part),SXM,"Unemployment, total (% of total labor force) (modeled ILO estimate)",SL.UEM.TOTL.ZS,..,..,..,..,..,..,..
Slovak Republic,SVK,"Unemployment, total (% of total labor force) (modeled ILO estimate)",SL.UEM.TOTL.ZS,14.38000011,13.61999989,13.96000004,14.22000027,13.18000031,11.47999954,9.670000076
Slovenia,SVN,"Unemployment, total (% of total labor force) (modeled ILO estimate)",SL.UEM.TOTL.ZS,7.239999771,8.170000076,8.840000153,10.10000038,9.670000076,8.960000038,8
Solomon Islands,SLB,"Unemployment, total (% of total labor force) (modeled ILO estimate)",SL.UEM.TOTL.ZS,2.071000099,2.08100009,2.039000034,2.032000065,2.032999992,2.036999941,2.04399991
Somalia,SOM,"Unemployment, total (% of total labor force) (modeled ILO estimate)",SL.UEM.TOTL.ZS,6.006999969,6.027999878,6.044000149,6.058000088,6.071000099,6.080999851,6.024000168
South Africa,ZAF,"Unemployment, total (% of total labor force) (modeled ILO estimate)",SL.UEM.TOTL.ZS,24.69000053,24.64999962,24.72999954,24.56999969,24.89999962,25.15999985,26.54999924
South Asia,SAS,"Unemployment, total (% of total labor force) (modeled ILO estimate)",SL.UEM.TOTL.ZS,3.301768064,3.334540659,3.525772462,3.58762649,3.440419326,3.674427717,3.702249822
South Sudan,SSD,"Unemployment, total (% of total labor force) (modeled ILO estimate)",SL.UEM.TOTL.ZS,12.14400005,11.66800022,11.27600002,12.92700005,12.17399979,11.99400043,11.54199982
Spain,ESP,"Unemployment, total (% of total labor force) (modeled ILO estimate)",SL.UEM.TOTL.ZS,19.86000061,21.38999939,24.79000092,26.09000015,24.44000053,22.05999947,19.62999916
Sri Lanka,LKA,"Unemployment, total (% of total labor force) (modeled ILO estimate)",SL.UEM.TOTL.ZS,4.940000057,4.110000134,3.880000114,4.440000057,4.400000095,4.670000076,4.369999886
St. Kitts and Nevis,KNA,"Unemployment, total (% of total labor force) (modeled ILO estimate)",SL.UEM.TOTL.ZS,..,..,..,..,..,..,..
St. Lucia,LCA,"Unemployment, total (% of total labor force) (modeled ILO estimate)",SL.UEM.TOTL.ZS,20.63999939,18.86000061,19.05999947,22.20999908,22.65500069,24.09000015,21.26000023
St. Martin (French part),MAF,"Unemployment, total (% of total labor force) (modeled ILO estimate)",SL.UEM.TOTL.ZS,..,..,..,..,..,..,..
St. Vincent and the Grenadines,VCT,"Unemployment, total (% of total labor force) (modeled ILO estimate)",SL.UEM.TOTL.ZS,18.81599998,18.50300026,18.18099976,17.88400078,18.22800064,17.98800087,18.21100044
Sub-Saharan Africa,SSF,"Unemployment, total (% of total labor force) (modeled ILO estimate)",SL.UEM.TOTL.ZS,7.265333996,7.04739374,6.834440208,6.686501765,6.779980618,6.781377568,7.264608303
Sub-Saharan Africa (excluding high income),SSA,"Unemployment, total (% of total labor force) (modeled ILO estimate)",SL.UEM.TOTL.ZS,7.265333996,7.04739374,6.834440208,6.686501765,6.779980618,6.781377568,7.264608303
Sudan,SDN,"Unemployment, total (% of total labor force) (modeled ILO estimate)",SL.UEM.TOTL.ZS,12.80500031,12.99800014,13.03600025,12.86600018,12.81000042,12.78499985,12.73400021
Suriname,SUR,"Unemployment, total (% of total labor force) (modeled ILO estimate)",SL.UEM.TOTL.ZS,7.559999943,6.927999973,6.289000034,4.840000153,6.940000057,7.21999979,8.175000191
Sweden,SWE,"Unemployment, total (% of total labor force) (modeled ILO estimate)",SL.UEM.TOTL.ZS,8.579999924,7.769999981,7.960000038,8.010000229,7.920000076,7.400000095,6.989999771
Switzerland,CHE,"Unemployment, total (% of total labor force) (modeled ILO estimate)",SL.UEM.TOTL.ZS,4.809999943,4.409999847,4.480000019,4.75,4.829999924,4.800000191,4.920000076
Syrian Arab Republic,SYR,"Unemployment, total (% of total labor force) (modeled ILO estimate)",SL.UEM.TOTL.ZS,8.609999657,14.89999962,14.76500034,14.6590004,14.47999954,14.71800041,14.78499985
Tajikistan,TJK,"Unemployment, total (% of total labor force) (modeled ILO estimate)",SL.UEM.TOTL.ZS,11.72099972,11.15799999,10.75,10.60599995,10.47299957,10.36299992,10.3039999
Tanzania,TZA,"Unemployment, total (% of total labor force) (modeled ILO estimate)",SL.UEM.TOTL.ZS,2.973999977,3.470000029,3.240999937,2.930000067,2.119999886,2.118000031,2.167999983
Thailand,THA,"Unemployment, total (% of total labor force) (modeled ILO estimate)",SL.UEM.TOTL.ZS,0.620000005,0.660000026,0.579999983,0.49000001,0.579999983,0.600000024,0.936999977
Timor-Leste,TLS,"Unemployment, total (% of total labor force) (modeled ILO estimate)",SL.UEM.TOTL.ZS,3.299999952,3.260999918,3.23300004,3.230999947,3.26699996,3.295000076,3.365999937
Togo,TGO,"Unemployment, total (% of total labor force) (modeled ILO estimate)",SL.UEM.TOTL.ZS,1.860000014,1.860000014,1.853999972,1.850000024,1.845999956,1.842000008,1.842000008
Tonga,TON,"Unemployment, total (% of total labor force) (modeled ILO estimate)",SL.UEM.TOTL.ZS,1.067999959,1.065000057,1.06400001,1.077000022,1.093000054,1.09800005,1.097000003
Trinidad and Tobago,TTO,"Unemployment, total (% of total labor force) (modeled ILO estimate)",SL.UEM.TOTL.ZS,5.929999828,4.659999847,5.039999962,3.589999914,3.309999943,3.390000105,4.373000145
Tunisia,TUN,"Unemployment, total (% of total labor force) (modeled ILO estimate)",SL.UEM.TOTL.ZS,13.05000019,18.32999992,17.62999916,15.93000031,15.05799961,15.22000027,15.51000023
Turkey,TUR,"Unemployment, total (% of total labor force) (modeled ILO estimate)",SL.UEM.TOTL.ZS,10.65999985,8.800000191,8.149999619,8.729999542,9.880000114,10.23999977,10.84000015
Turkmenistan,TKM,"Unemployment, total (% of total labor force) (modeled ILO estimate)",SL.UEM.TOTL.ZS,4,3.746999979,3.665999889,3.630000114,3.576999903,3.575000048,3.479000092
Turks and Caicos Islands,TCA,"Unemployment, total (% of total labor force) (modeled ILO estimate)",SL.UEM.TOTL.ZS,..,..,..,..,..,..,..
Tuvalu,TUV,"Unemployment, total (% of total labor force) (modeled ILO estimate)",SL.UEM.TOTL.ZS,..,..,..,..,..,..,..
Uganda,UGA,"Unemployment, total (% of total labor force) (modeled ILO estimate)",SL.UEM.TOTL.ZS,4.006000042,3.849999905,3.549999952,1.909999967,1.907999992,1.904999971,2.00999999
Ukraine,UKR,"Unemployment, total (% of total labor force) (modeled ILO estimate)",SL.UEM.TOTL.ZS,8.100000381,7.860000134,7.53000021,7.170000076,9.270000458,9.140000343,9.350000381
United Arab Emirates,ARE,"Unemployment, total (% of total labor force) (modeled ILO estimate)",SL.UEM.TOTL.ZS,3.694999933,3.305000067,2.970999956,2.618000031,2.282000065,1.932999969,1.636000037
United Kingdom,GBR,"Unemployment, total (% of total labor force) (modeled ILO estimate)",SL.UEM.TOTL.ZS,7.789999962,8.039999962,7.889999866,7.53000021,6.110000134,5.300000191,4.809999943
United States,USA,"Unemployment, total (% of total labor force) (modeled ILO estimate)",SL.UEM.TOTL.ZS,9.630000114,8.949999809,8.069999695,7.380000114,6.170000076,5.28000021,4.869999886
Upper middle income,UMC,"Unemployment, total (% of total labor force) (modeled ILO estimate)",SL.UEM.TOTL.ZS,5.629905305,5.549136221,5.571375027,5.573760253,5.567880904,5.749722522,6.087050033
Uruguay,URY,"Unemployment, total (% of total labor force) (modeled ILO estimate)",SL.UEM.TOTL.ZS,7.159999847,6.309999943,6.449999809,6.440000057,6.550000191,7.489999771,7.840000153
Uzbekistan,UZB,"Unemployment, total (% of total labor force) (modeled ILO estimate)",SL.UEM.TOTL.ZS,8.192000389,8.156999588,8.11400032,8.06400013,8.003000259,7.93900013,7.513999939
Vanuatu,VUT,"Unemployment, total (% of total labor force) (modeled ILO estimate)",SL.UEM.TOTL.ZS,5.402999878,5.369999886,5.343999863,5.31400013,5.287000179,5.263999939,5.267000198
"Venezuela, RB",VEN,"Unemployment, total (% of total labor force) (modeled ILO estimate)",SL.UEM.TOTL.ZS,8.449999809,7.840000153,7.409999847,7.539999962,6.949999809,6.820000172,7.145999908
Vietnam,VNM,"Unemployment, total (% of total labor force) (modeled ILO estimate)",SL.UEM.TOTL.ZS,2.640000105,2.019999981,1.769999981,1.950000048,1.870000005,2.119999886,2.099999905
Virgin Islands (U.S.),VIR,"Unemployment, total (% of total labor force) (modeled ILO estimate)",SL.UEM.TOTL.ZS,7.306000233,8.111000061,8.465999603,7.888999939,7.452000141,7.342000008,7.237999916
West Bank and Gaza,PSE,"Unemployment, total (% of total labor force) (modeled ILO estimate)",SL.UEM.TOTL.ZS,23.72999954,20.94000053,22.96999931,23.39999962,26.95000076,25.81999969,26.88999939
World,WLD,"Unemployment, total (% of total labor force) (modeled ILO estimate)",SL.UEM.TOTL.ZS,5.734991785,5.602624107,5.599875317,5.57054695,5.435012768,5.446447205,5.531032807
"Yemen, Rep.",YEM,"Unemployment, total (% of total labor force) (modeled ILO estimate)",SL.UEM.TOTL.ZS,17.81999969,16.98999977,15.27700043,14.16300011,13.47000027,13.80700016,13.72900009
Zambia,ZMB,"Unemployment, total (% of total labor force) (modeled ILO estimate)",SL.UEM.TOTL.ZS,13.18999958,9.989999771,7.849999905,7.815999985,7.782999992,7.75,7.77699995
Zimbabwe,ZWE,"Unemployment, total (% of total labor force) (modeled ILO estimate)",SL.UEM.TOTL.ZS,5.271999836,5.369999886,5.328000069,5.204999924,5.135000229,5.085999966,5.046000004
,,,,,,,,,,
,,,,,,,,,,
,,,,,,,,,,
Data from database: Jobs,,,,,,,,,,
Last Updated: 02/17/2021,,,,,,,,,,
